Temp.surf,J.date,Site,Habitat,fishid,Forklength.mm,Depth.mm,mass,DNA.code,Year,round,month,stock,hatchery,oto.extracted
7.9,89,M3,Marsh,206,43,7,NA,2003,0,2,March,Harrison,,0
7.9,89,M3,Marsh,207,42,6,NA,2005,0,2,March,Harrison,,0
7.9,89,M3,Marsh,233,42,5,NA,2007,0,2,March,Harrison,,0
7.9,89,M3,Marsh,234,43,7,NA,2006,0,2,March,Harrison,,0
7.9,89,M3,Marsh,235,41,6,NA,2009,0,2,March,Harrison,,0
7.9,89,M3,Marsh,236,45,7,NA,2008,0,2,March,Harrison,,0
11.1,94,M2,Marsh,398,42,7,NA,NA,0,2,April,NA,,0
11.1,94,M2,Marsh,399,45,7,NA,NA,0,2,April,NA,,0
11.1,94,M2,Marsh,400,41,8,NA,NA,0,2,April,NA,,0
11.1,94,M2,Marsh,401,43,5,NA,NA,0,2,April,NA,,0
11.1,94,M2,Marsh,402,42,5,NA,NA,0,2,April,NA,,0
11.1,94,M2,Marsh,403,38,4,NA,NA,0,2,April,NA,,0
11.1,94,M2,Marsh,404,42,6,NA,NA,0,2,April,NA,,0
11.1,94,M2,Marsh,405,38,7,NA,NA,0,2,April,NA,,0
11.1,94,M2,Marsh,406,43,6,NA,NA,0,2,April,NA,,0
11.1,94,M2,Marsh,407,39,7,NA,NA,0,2,April,NA,,0
11.1,94,M2,Marsh,409,46,7,NA,NA,0,2,April,NA,,0
11.1,94,M2,Marsh,410,46,6,NA,NA,0,2,April,NA,,0
11.1,94,M2,Marsh,411,37,8,NA,NA,0,2,April,NA,,0
11.1,94,M2,Marsh,412,44,7,NA,NA,0,2,April,NA,,0
11.1,94,M2,Marsh,413,39,7,NA,NA,0,2,April,NA,,0
11.1,94,M2,Marsh,414,44,7,NA,NA,0,2,April,NA,,0
11.1,94,M2,Marsh,416,39,7,NA,2014,0,2,April,Harrison,,0
11.1,94,M2,Marsh,418,43,7,NA,2013,0,2,April,Harrison,,0
11.1,94,M2,Marsh,419,40,7,NA,2010,0,2,April,Harrison,,0
11.1,94,M2,Marsh,420,48,9,NA,2015,0,2,April,Harrison,,0
11.1,94,M2,Marsh,427,40,8,NA,NA,0,2,April,NA,,0
11.1,94,M2,Marsh,429,41,8,NA,NA,0,2,April,NA,,0
11.1,94,M2,Marsh,430,42,7,NA,NA,0,2,April,NA,,0
11.1,94,M2,Marsh,431,38,6,NA,NA,0,2,April,NA,,0
11.1,94,M2,Marsh,432,39,6,NA,NA,0,2,April,NA,,0
11.1,94,M2,Marsh,433,40,5,NA,NA,0,2,April,NA,,0
11.1,94,M2,Marsh,434,45,7,NA,NA,0,2,April,NA,,0
11.1,94,M2,Marsh,435,43,5,NA,NA,0,2,April,NA,,0
11.1,94,M2,Marsh,436,43,5,NA,NA,0,2,April,NA,,0
11.1,94,M2,Marsh,437,46,6,NA,NA,0,2,April,NA,,0
11.1,94,M2,Marsh,441,47,8,NA,NA,0,2,April,NA,,0
11.1,94,M2,Marsh,442,44,7,NA,NA,0,2,April,NA,,0
11.1,94,M2,Marsh,445,48,8,NA,NA,0,2,April,NA,,0
11.1,94,M2,Marsh,446,42,7,NA,NA,0,2,April,NA,,0
11.1,94,M2,Marsh,447,43,7,NA,NA,0,2,April,NA,,0
11.1,94,M2,Marsh,448,43,6,NA,NA,0,2,April,NA,,0
11.1,94,M2,Marsh,449,37,6,NA,NA,0,2,April,NA,,0
11.1,94,M2,Marsh,450,45,8,NA,NA,0,2,April,NA,,0
11.1,94,M2,Marsh,451,43,6,NA,NA,0,2,April,NA,,0
11.1,94,M2,Marsh,452,41,6,NA,NA,0,2,April,NA,,0
11.1,94,M2,Marsh,453,42,7,NA,NA,0,2,April,NA,,0
11.1,94,M2,Marsh,455,44,7,NA,NA,0,2,April,NA,,0
11.1,94,M2,Marsh,457,38,6,NA,NA,0,2,April,NA,,0
11.1,94,M2,Marsh,460,45,7,NA,NA,0,2,April,NA,,0
11.1,94,M2,Marsh,461,43,7,NA,NA,0,2,April,NA,,0
11.1,94,M2,Marsh,463,38,7,NA,NA,0,2,April,NA,,0
11.1,94,M2,Marsh,464,43,6,NA,NA,0,2,April,NA,,0
11.1,94,M2,Marsh,465,43,7,NA,NA,0,2,April,NA,,0
11.1,94,M2,Marsh,466,39,8,NA,NA,0,2,April,NA,,0
11.1,94,M2,Marsh,467,45,7,NA,NA,0,2,April,NA,,0
11.1,94,M2,Marsh,468,44,8,NA,NA,0,2,April,NA,,0
11.1,94,M2,Marsh,469,39,8,NA,NA,0,2,April,NA,,0
11.1,94,M2,Marsh,470,42,6,NA,NA,0,2,April,NA,,0
11.1,94,M2,Marsh,471,40,9,NA,NA,0,2,April,NA,,0
11.1,94,M2,Marsh,472,42,7,NA,NA,0,2,April,NA,,0
11.1,94,M2,Marsh,473,42,8,NA,NA,0,2,April,NA,,0
11.1,94,M2,Marsh,474,44,7,NA,NA,0,2,April,NA,,0
11.1,94,M2,Marsh,475,42,7,NA,NA,0,2,April,NA,,0
11.1,94,M2,Marsh,476,38,6,NA,NA,0,2,April,NA,,0
11.1,94,M2,Marsh,477,45,7,NA,NA,0,2,April,NA,,0
11.1,94,M2,Marsh,478,44,8,NA,NA,0,2,April,NA,,0
11.1,94,M2,Marsh,479,38,6,NA,NA,0,2,April,NA,,0
11.1,94,M2,Marsh,480,43,7,NA,NA,0,2,April,NA,,0
11.1,94,M2,Marsh,481,38,6,NA,NA,0,2,April,NA,,0
11.1,94,M2,Marsh,482,43,7,NA,NA,0,2,April,NA,,0
11.1,94,M2,Marsh,483,38,6,NA,NA,0,2,April,NA,,0
11.1,94,M2,Marsh,485,45,7,NA,NA,0,2,April,NA,,0
11.1,94,M2,Marsh,486,41,7,NA,NA,0,2,April,NA,,0
11.1,94,M2,Marsh,487,44,7,NA,NA,0,2,April,NA,,0
11.1,94,M2,Marsh,489,41,7,NA,NA,0,2,April,NA,,0
11.1,94,M2,Marsh,492,40,7,NA,NA,0,2,April,NA,,0
11.1,94,M2,Marsh,493,44,7,NA,NA,0,2,April,NA,,0
11.1,94,M2,Marsh,499,47,7,NA,NA,0,2,April,NA,,0
11.1,94,M2,Marsh,500,45,11,NA,NA,0,2,April,NA,,0
11.1,94,M2,Marsh,502,45,7,NA,NA,0,2,April,NA,,0
11.1,94,M2,Marsh,504,41,7,NA,NA,0,2,April,NA,,0
11.1,94,M2,Marsh,505,40,6,NA,NA,0,2,April,NA,,0
11.1,94,M2,Marsh,506,46,9,NA,NA,0,2,April,NA,,0
11.1,94,M2,Marsh,509,46,8,NA,NA,0,2,April,NA,,0
11.1,94,M2,Marsh,510,37,9,NA,NA,0,2,April,NA,,0
11.1,94,M2,Marsh,511,43,7,NA,NA,0,2,April,NA,,0
11.1,94,M2,Marsh,512,42,7,NA,NA,0,2,April,NA,,0
11.1,94,M2,Marsh,513,39,8,NA,NA,0,2,April,NA,,0
11.1,94,M2,Marsh,515,39,6,NA,NA,0,2,April,NA,,0
11.1,94,M2,Marsh,519,44,8,NA,NA,0,2,April,NA,,0
11.1,94,M2,Marsh,521,40,8,NA,NA,0,2,April,NA,,0
11.1,94,M2,Marsh,522,43,7,NA,NA,0,2,April,NA,,0
11.1,94,M2,Marsh,534,43,7,NA,2017,0,2,April,Harrison,,0
11.1,94,M2,Marsh,535,43,7,NA,2016,0,2,April,Harrison,,0
11.1,94,M2,Marsh,536,42,6,NA,2018,0,2,April,Harrison,,0
14.19181807,97,M1,Marsh,546,45,6,NA,NA,0,2,April,NA,,0
14.19181807,97,M1,Marsh,547,42,7,NA,NA,0,2,April,NA,,0
14.19181807,97,M1,Marsh,548,49,10,NA,NA,0,2,April,NA,,0
14.19181807,97,M1,Marsh,549,44,8,NA,NA,0,2,April,NA,,0
14.19181807,97,M1,Marsh,550,44,6,NA,NA,0,2,April,NA,,0
14.19181807,97,M1,Marsh,552,39,8,NA,NA,0,2,April,NA,,0
14.19181807,97,M1,Marsh,553,42,5,NA,NA,0,2,April,NA,,0
14.19181807,97,M1,Marsh,554,44,6,NA,NA,0,2,April,NA,,0
14.19181807,97,M1,Marsh,555,39,8,NA,NA,0,2,April,NA,,0
14.19181807,97,M1,Marsh,556,42,6,NA,NA,0,2,April,NA,,0
14.19181807,97,M1,Marsh,558,38,6,NA,NA,0,2,April,NA,,0
14.19181807,97,M1,Marsh,560,39,6,NA,NA,0,2,April,NA,,0
14.19181807,97,M1,Marsh,562,41,7,NA,NA,0,2,April,NA,,0
14.19181807,97,M1,Marsh,563,44,6,NA,NA,0,2,April,NA,,0
14.19181807,97,M1,Marsh,564,40,8,NA,NA,0,2,April,NA,,0
14.19181807,97,M1,Marsh,565,47,9,NA,NA,0,2,April,NA,,0
14.19181807,97,M1,Marsh,566,44,7,NA,NA,0,2,April,NA,,0
14.19181807,97,M1,Marsh,567,37,5,NA,NA,0,2,April,NA,,0
14.19181807,97,M1,Marsh,568,43,8,NA,NA,0,2,April,NA,,0
14.19181807,97,M1,Marsh,570,39,6,NA,NA,0,2,April,NA,,0
14.19181807,97,M1,Marsh,572,43,6,NA,NA,0,2,April,NA,,0
14.19181807,97,M1,Marsh,574,36,6,NA,NA,0,2,April,NA,,0
14.19181807,97,M1,Marsh,575,50,11,NA,NA,0,2,April,NA,,0
14.19181807,97,M1,Marsh,577,39,8,NA,NA,0,2,April,NA,,0
14.19181807,97,M1,Marsh,580,37,6,NA,NA,0,2,April,NA,,0
14.19181807,97,M1,Marsh,581,42,5,NA,NA,0,2,April,NA,,0
14.19181807,97,M1,Marsh,583,42,6,NA,NA,0,2,April,NA,,0
14.19181807,97,M1,Marsh,584,39,7,NA,NA,0,2,April,NA,,0
14.19181807,97,M1,Marsh,585,53,5,NA,2019,0,2,April,Harrison,,0
14.19181807,97,M1,Marsh,586,56,10,NA,2020,0,2,April,Harrison,,0
14.19181807,97,M1,Marsh,587,42,5,NA,2023,0,2,April,Harrison,,0
14.19181807,97,M1,Marsh,588,41,6,NA,2024,0,2,April,Harrison,,0
14.19181807,97,M1,Marsh,589,42,6,NA,2025,0,2,April,Harrison,,0
14.19181807,97,M1,Marsh,590,43,7,NA,2026,0,2,April,Harrison,,0
14.19181807,97,M1,Marsh,591,43,6,NA,2027,0,2,April,Harrison,,0
14.19181807,97,M1,Marsh,592,54,9,NA,2028,0,2,April,Harrison,,0
14.19181807,97,M1,Marsh,593,45,7,NA,2029,0,2,April,Harrison,,0
14.19181807,97,M1,Marsh,594,42,6,NA,2030,0,2,April,Harrison,,0
14.19181807,97,M1,Marsh,596,41,7,NA,NA,0,2,April,NA,,0
14.19181807,97,M1,Marsh,598,44,7,NA,NA,0,2,April,NA,,0
14.19181807,97,M1,Marsh,599,46,8,NA,NA,0,2,April,NA,,0
14.19181807,97,M1,Marsh,600,42,6,NA,NA,0,2,April,NA,,0
14.19181807,97,M1,Marsh,601,42,7,NA,NA,0,2,April,NA,,0
14.19181807,97,M1,Marsh,602,43,7,NA,NA,0,2,April,NA,,0
14.19181807,97,M1,Marsh,603,40,5,NA,NA,0,2,April,NA,,0
14.19181807,97,M1,Marsh,604,45,8,NA,NA,0,2,April,NA,,0
14.19181807,97,M1,Marsh,605,43,6,NA,NA,0,2,April,NA,,0
14.19181807,97,M1,Marsh,606,45,8,NA,NA,0,2,April,NA,,0
14.19181807,97,M1,Marsh,607,42,7,NA,NA,0,2,April,NA,,0
14.19181807,97,M1,Marsh,610,52,10,NA,NA,0,2,April,NA,,0
14.19181807,97,M1,Marsh,611,43,7,NA,NA,0,2,April,NA,,0
14.19181807,97,M1,Marsh,612,42,7,NA,NA,0,2,April,NA,,0
14.19181807,97,M1,Marsh,613,51,9,NA,NA,0,2,April,NA,,0
14.19181807,97,M1,Marsh,614,43,8,NA,NA,0,2,April,NA,,0
14.19181807,97,M1,Marsh,616,42,6,NA,NA,0,2,April,NA,,0
14.19181807,97,M1,Marsh,618,47,8,NA,NA,0,2,April,NA,,0
14.19181807,97,M1,Marsh,619,43,7,NA,NA,0,2,April,NA,,0
14.19181807,97,M1,Marsh,620,43,6,NA,NA,0,2,April,NA,,0
14.19181807,97,M1,Marsh,621,38,7,NA,NA,0,2,April,NA,,0
14.19181807,97,M1,Marsh,622,39,7,NA,NA,0,2,April,NA,,0
14.19181807,97,M1,Marsh,623,44,8,NA,NA,0,2,April,NA,,0
14.19181807,97,M1,Marsh,624,NA,NA,NA,NA,0,2,April,NA,,0
14.19181807,97,M1,Marsh,625,NA,NA,NA,NA,0,2,April,NA,,0
14.19181807,97,M1,Marsh,626,NA,NA,NA,NA,0,2,April,NA,,0
14.19181807,97,M1,Marsh,627,NA,NA,NA,NA,0,2,April,NA,,0
14.19181807,97,M1,Marsh,629,NA,NA,NA,NA,0,2,April,NA,,0
14.19181807,97,M1,Marsh,630,NA,NA,NA,NA,0,2,April,NA,,0
14.19181807,97,M1,Marsh,631,NA,NA,NA,NA,0,2,April,NA,,0
14.19181807,97,M1,Marsh,632,NA,NA,NA,NA,0,2,April,NA,,0
14.19181807,97,M1,Marsh,633,NA,NA,NA,NA,0,2,April,NA,,0
14.19181807,97,M1,Marsh,634,NA,NA,NA,NA,0,2,April,NA,,0
14.19181807,97,M1,Marsh,635,NA,NA,NA,NA,0,2,April,NA,,0
14.19181807,97,M1,Marsh,636,NA,NA,NA,NA,0,2,April,NA,,0
14.19181807,97,M1,Marsh,637,NA,NA,NA,NA,0,2,April,NA,,0
14.19181807,97,M1,Marsh,638,NA,NA,NA,NA,0,2,April,NA,,0
14.19181807,97,M1,Marsh,639,NA,NA,NA,NA,0,2,April,NA,,0
14.19181807,97,M1,Marsh,640,NA,NA,NA,NA,0,2,April,NA,,0
14.19181807,97,M1,Marsh,641,NA,NA,NA,NA,0,2,April,NA,,0
14.19181807,97,M1,Marsh,643,NA,NA,NA,NA,0,2,April,NA,,0
14.19181807,97,M1,Marsh,644,NA,NA,NA,NA,0,2,April,NA,,0
14.19181807,97,M1,Marsh,645,NA,NA,NA,NA,0,2,April,NA,,0
14.19181807,97,M1,Marsh,646,NA,NA,NA,NA,0,2,April,NA,,0
14.19181807,97,M1,Marsh,647,NA,NA,NA,NA,0,2,April,NA,,0
14.19181807,97,M1,Marsh,648,NA,NA,NA,NA,0,2,April,NA,,0
14.19181807,97,M1,Marsh,649,NA,NA,NA,NA,0,2,April,NA,,0
14.19181807,97,M1,Marsh,650,NA,NA,NA,NA,0,2,April,NA,,0
14.19181807,97,M1,Marsh,651,NA,NA,NA,NA,0,2,April,NA,,0
14.19181807,97,M1,Marsh,652,NA,NA,NA,NA,0,2,April,NA,,0
14.19181807,97,M1,Marsh,653,NA,NA,NA,NA,0,2,April,NA,,0
14.19181807,97,M1,Marsh,654,NA,NA,NA,NA,0,2,April,NA,,0
14.19181807,97,M1,Marsh,655,NA,NA,NA,NA,0,2,April,NA,,0
14.19181807,97,M1,Marsh,656,NA,NA,NA,NA,0,2,April,NA,,0
14.19181807,97,M1,Marsh,657,NA,NA,NA,NA,0,2,April,NA,,0
14.19181807,97,M1,Marsh,658,NA,NA,NA,NA,0,2,April,NA,,0
14.19181807,97,M1,Marsh,659,NA,NA,NA,NA,0,2,April,NA,,0
14.19181807,97,M1,Marsh,660,NA,NA,NA,NA,0,2,April,NA,,0
14.19181807,97,M1,Marsh,661,NA,NA,NA,NA,0,2,April,NA,,0
14.19181807,97,M1,Marsh,663,NA,NA,NA,NA,0,2,April,NA,,0
14.19181807,97,M1,Marsh,664,NA,NA,NA,NA,0,2,April,NA,,0
14.19181807,97,M1,Marsh,665,NA,NA,NA,NA,0,2,April,NA,,0
14.19181807,97,M1,Marsh,666,NA,NA,NA,NA,0,2,April,NA,,0
14.19181807,97,M1,Marsh,667,NA,NA,NA,NA,0,2,April,NA,,0
14.19181807,97,M1,Marsh,669,NA,NA,NA,NA,0,2,April,NA,,0
14.19181807,97,M1,Marsh,670,NA,NA,NA,NA,0,2,April,NA,,0
14.19181807,97,M1,Marsh,671,NA,NA,NA,NA,0,2,April,NA,,0
14.19181807,97,M1,Marsh,672,NA,NA,NA,NA,0,2,April,NA,,0
14.19181807,97,M1,Marsh,674,NA,NA,NA,NA,0,2,April,NA,,0
14.19181807,97,M1,Marsh,675,NA,NA,NA,NA,0,2,April,NA,,0
14.19181807,97,M1,Marsh,676,NA,NA,NA,NA,0,2,April,NA,,0
14.19181807,97,M1,Marsh,677,NA,NA,NA,NA,0,2,April,NA,,0
14.19181807,97,M1,Marsh,678,NA,NA,NA,NA,0,2,April,NA,,0
14.19181807,97,M1,Marsh,679,NA,NA,NA,NA,0,2,April,NA,,0
14.19181807,97,M1,Marsh,681,NA,NA,NA,NA,0,2,April,NA,,0
14.19181807,97,M1,Marsh,684,NA,NA,NA,NA,0,2,April,NA,,0
14.19181807,97,M1,Marsh,685,NA,NA,NA,NA,0,2,April,NA,,0
14.19181807,97,M1,Marsh,686,NA,NA,NA,NA,0,2,April,NA,,0
14.19181807,97,M1,Marsh,687,NA,NA,NA,NA,0,2,April,NA,,0
14.19181807,97,M1,Marsh,688,NA,NA,NA,NA,0,2,April,NA,,0
14.19181807,97,M1,Marsh,689,NA,NA,NA,NA,0,2,April,NA,,0
14.19181807,97,M1,Marsh,690,NA,NA,NA,NA,0,2,April,NA,,0
14.19181807,97,M1,Marsh,692,41,6,NA,2033,0,2,April,Harrison,,0
14.19181807,97,M1,Marsh,693,NA,NA,NA,NA,0,2,April,NA,,0
14.19181807,97,M1,Marsh,694,NA,NA,NA,NA,0,2,April,NA,,0
14.19181807,97,M1,Marsh,696,42,6,NA,2034,0,2,April,Harrison,,0
14.19181807,97,M1,Marsh,697,43,7,NA,2035,0,2,April,Harrison,,0
14.19181807,97,M1,Marsh,698,NA,NA,NA,NA,0,2,April,NA,,0
14.19181807,97,M1,Marsh,699,NA,NA,NA,NA,0,2,April,NA,,0
14.19181807,97,M1,Marsh,701,42,6,NA,2036,0,2,April,Harrison,,0
14.19181807,97,M1,Marsh,703,41,7,NA,2037,0,2,April,Harrison,,0
14.19181807,97,M1,Marsh,704,NA,NA,NA,NA,0,2,April,NA,,0
14.19181807,97,M1,Marsh,705,NA,NA,NA,NA,0,2,April,NA,,0
14.19181807,97,M1,Marsh,706,NA,NA,NA,NA,0,2,April,NA,,0
14.19181807,97,M1,Marsh,707,NA,NA,NA,NA,0,2,April,NA,,0
14.19181807,97,M1,Marsh,708,NA,NA,NA,NA,0,2,April,NA,,0
14.19181807,97,M1,Marsh,709,41,7,NA,2038,0,2,April,Harrison,,0
14.19181807,97,M1,Marsh,711,45,6,NA,2039,0,2,April,Harrison,,0
14.19181807,97,M1,Marsh,712,40,6,NA,NA,0,2,April,NA,,0
14.19181807,97,M1,Marsh,713,40,6,NA,2040,0,2,April,Harrison,,0
14.19181807,97,M1,Marsh,714,44,7,NA,2043,0,2,April,Harrison,,0
14.19181807,97,M1,Marsh,715,55,10,NA,2044,0,2,April,Harrison,,0
15,98,M4,Marsh,721,39,6,NA,NA,0,2,April,NA,,0
15,98,M4,Marsh,723,39,6,NA,NA,0,2,April,NA,,0
15,98,M4,Marsh,726,43,7,NA,NA,0,2,April,NA,,0
15,98,M4,Marsh,728,41,5,NA,NA,0,2,April,NA,,0
15,98,M4,Marsh,730,39,4,NA,NA,0,2,April,NA,,0
15,98,M4,Marsh,732,46,8,NA,NA,0,2,April,NA,,0
15,98,M4,Marsh,734,43,8,NA,NA,0,2,April,NA,,0
15,98,M4,Marsh,736,38,6,NA,NA,0,2,April,NA,,0
15,98,M4,Marsh,739,43,8,NA,NA,0,2,April,NA,,0
15,98,M4,Marsh,740,44,8,NA,NA,0,2,April,NA,,0
15,98,M4,Marsh,741,45,6,NA,NA,0,2,April,NA,,0
15,98,M4,Marsh,742,43,8,NA,NA,0,2,April,NA,,0
15,98,M4,Marsh,743,43,9,NA,NA,0,2,April,NA,,0
15,98,M4,Marsh,744,40,6,NA,NA,0,2,April,NA,,0
15,98,M4,Marsh,745,43,8,NA,NA,0,2,April,NA,,0
15,98,M4,Marsh,746,39,6,NA,NA,0,2,April,NA,,0
15,98,M4,Marsh,752,41,5,NA,2046,0,2,April,Harrison,,0
15,98,M4,Marsh,753,45,8,NA,2047,0,2,April,Harrison,,0
15,98,M4,Marsh,754,42,5,NA,2048,0,2,April,Harrison,,0
15,98,M4,Marsh,755,45,6,NA,2049,0,2,April,Harrison,,0
15,98,M4,Marsh,756,45,5,NA,2051,0,2,April,Harrison,,0
15,98,M4,Marsh,757,41,7,NA,2052,0,2,April,Harrison,,1
15,98,M4,Marsh,758,44,6,NA,2053,0,2,April,Harrison,,0
15,98,M4,Marsh,759,43,6,NA,2054,0,2,April,Harrison,,0
15,98,M4,Marsh,760,42,6,NA,2055,0,2,April,Harrison,,0
15,98,M4,Marsh,761,40,5,NA,2056,0,2,April,Harrison,,0
15,98,M4,Marsh,762,40,7,NA,2057,0,2,April,Harrison,,1
15,98,M4,Marsh,763,42,6,NA,2058,0,2,April,Harrison,,0
15,98,M4,Marsh,764,42,NA,NA,2059,0,2,April,Harrison,,1
15,98,M4,Marsh,767,44,6,NA,2060,0,2,April,Harrison,,1
15,98,M4,Marsh,768,44,7,NA,2061,0,2,April,Harrison,,1
15,98,M4,Marsh,770,42,6,NA,NA,0,2,April,NA,,0
15,98,M4,Marsh,772,53,11,NA,2045,0,2,April,Harrison,,1
11.96,109,SF5,Sand flat,897,55,10,NA,2062,0,3,April,Harrison,,1
11.96,109,SF5,Sand flat,898,87,19,NA,NA,0,3,April,NA,,0
11.68,111,M3,Marsh,923,41,8,NA,NA,0,3,April,NA,,0
11.68,111,M3,Marsh,930,51,8,NA,NA,0,3,April,NA,,0
11.68,111,M3,Marsh,931,45,7,0.816,2067,0,3,April,Harrison,,1
11.68,111,M3,Marsh,932,46,8,0.804,2070,0,3,April,Harrison,,1
11.68,111,M3,Marsh,933,42,7,0.56,2066,0,3,April,Harrison,,1
11.68,111,M3,Marsh,934,42,5,0.618,2072,0,3,April,Harrison,,0
11.68,111,M3,Marsh,935,42,5,0.505,2071,0,3,April,Harrison,,0
11.68,111,M3,Marsh,936,42,7,0.671,2068,0,3,April,Harrison,,0
11.68,111,M3,Marsh,937,43,6,0.724,2065,0,3,April,Harrison,,0
11.68,111,M3,Marsh,938,41,6,0.608,2069,0,3,April,Harrison,,0
11.68,111,M3,Marsh,939,43,6,0.738,2063,0,3,April,Harrison,,0
11.68,111,M3,Marsh,940,46,8,0.859,2064,0,3,April,Harrison,,0
11.68,111,M3,Marsh,951,52,9,1.286,2080,0,3,April,Harrison,,0
11.68,111,M3,Marsh,952,43,7,0.687,2077,0,3,April,Harrison,,0
11.68,111,M3,Marsh,953,56,9,1.489,2081,0,3,April,Harrison,,0
11.68,111,M3,Marsh,954,44,7,0.665,2079,0,3,April,Harrison,,0
11.68,111,M3,Marsh,955,51,8,1.157,2078,0,3,April,Harrison,,0
11.68,111,M3,Marsh,956,42,6,0.605,2082,0,3,April,Harrison,,0
11.68,111,M3,Marsh,960,54,9,1.405,2076,0,3,April,Harrison,,0
11.68,111,M3,Marsh,961,42,4,0.513,2075,0,3,April,Harrison,,0
11.68,111,M3,Marsh,962,42,5,0.632,2073,0,3,April,Harrison,,0
11.68,111,M3,Marsh,963,43,5,0.618,2074,0,3,April,Harrison,,0
10.3,117,M2,Marsh,970,51,10,1.159,2083,0,3,April,Harrison,,0
10.3,117,M2,Marsh,971,56,12,1.525,2085,0,3,April,Harrison,,0
10.3,117,M2,Marsh,972,47,9,0.784,2084,0,3,April,Harrison,,0
10.3,117,M2,Marsh,976,45,7,0.791,2086,0,3,April,Harrison,,0
10.3,117,M2,Marsh,979,42,5,0.587,2087,0,3,April,Harrison,,0
10.3,117,M2,Marsh,981,47,8,0.894,2088,0,3,April,Harrison,,0
10.3,117,M2,Marsh,982,48,6,0.902,2089,0,3,April,Harrison,,0
10.3,117,M2,Marsh,983,45,9,0.738,2090,0,3,April,Harrison,,0
10.3,117,M2,Marsh,984,52,8,1.219,2091,0,3,April,Harrison,,0
10.3,117,M2,Marsh,985,52,10,1.327,2092,0,3,April,Harrison,,0
10.3,117,M2,Marsh,986,53,9,1.248,2093,0,3,April,Harrison,,0
10.3,117,M2,Marsh,988,57,10,1.624,2094,0,3,April,Harrison,,0
10.3,117,M2,Marsh,989,42,5,0.576,2095,0,3,April,Harrison,,0
10.3,117,M2,Marsh,990,52,9,1.139,2096,0,3,April,Harrison,,0
10.43,118,M1,Marsh,993,49,9,1.062,2097,0,3,April,Harrison,,0
10.43,118,M1,Marsh,998,52,10,1.267,2098,0,3,April,Harrison,,0
10.43,118,M1,Marsh,999,41,6,0.51,2099,0,3,April,W_Chilliwack,,0
10.43,118,M1,Marsh,1003,87,18,NA,NA,0,3,April,NA,,0
10.43,118,M1,Marsh,1004,90,18,NA,2101,0,3,April,Horsey,,0
10.43,118,M1,Marsh,1005,84,17,NA,2102,0,3,April,Morkill,,0
10.43,118,M1,Marsh,1006,90,19,NA,2103,0,3,April,Goat,,0
10.43,118,M1,Marsh,1009,111,25,NA,2104,0,3,April,Stuart,,0
10.43,118,M1,Marsh,1011,91,15,NA,NA,0,3,April,NA,,0
10.43,118,M1,Marsh,1012,97,20,NA,NA,0,3,April,NA,,0
10.43,118,M1,Marsh,1013,50,9,1.02,2100,0,3,April,Harrison,,0
10.5,119,M4,Marsh,1042,39,6,0.445,2201,0,3,April,Harrison,,0
10.5,119,M4,Marsh,1074,50,11,1.209,2202,0,3,April,Harrison,,0
11.53,121,E3,Eelgrass,1091,90,17,7.098,2203,0,4,April,Horsey,,0
13.41,121,E2,Eelgrass,1348,58,9,1.762,2204,0,4,April,Harrison,,0
13.41,121,E2,Eelgrass,1477,50,10,1.09,2205,0,4,April,Harrison,,0
12.58,121,SF6,Sand flat,1528,57,11,1.786,2206,0,4,April,Harrison,,0
12.58,121,SF6,Sand flat,1529,70,10,3.052,2207,0,4,April,Harrison,,0
12.58,121,SF6,Sand flat,1541,95,15,NA,2105,0,4,April,Stuart,,0
13.39,122,E5,Eelgrass,2099,63,11,2.377,2208,0,4,May,Harrison,,1
13.88,122,E4,Eelgrass,3326,70,11,3.369,2106,0,4,May,Harrison,,1
13.88,122,E4,Eelgrass,4176,59,11,1.856,2209,0,4,May,Harrison,,2
15.67,122,SF5,Sand flat,4178,60,10,2.046,2210,0,4,May,NA,,0
15.67,122,SF5,Sand flat,4180,91,17,NA,2107,0,4,May,Horsefly,,0
15.67,122,SF5,Sand flat,4183,115,20,NA,2108,0,4,May,Deadman,,0
15.67,122,SF5,Sand flat,4187,55,10,1.656,2211,0,4,May,W_Chilliwack,,0
13.11,123,SF4,Sand flat,4190,50,9,1.135,2212,0,4,May,Harrison,,0
13.11,123,SF4,Sand flat,4201,55,9,1.594,2213,0,4,May,Harrison,,0
14.46,123,SF3,Sand flat,4207,83,14,NA,2109,0,4,May,Horsefly,,0
14.46,123,SF3,Sand flat,4214,65,12,2.694,2214,0,4,May,Harrison,,0
14.46,123,SF3,Sand flat,4217,79,17,NA,2110,0,4,May,Harrison,,0
17.48,123,SF1,Sand flat,4879,48,8,0.81,2218,0,4,May,Harrison,,0
17.48,123,SF1,Sand flat,4888,48,8,0.949,2220,0,4,May,Harrison,,0
17.48,123,SF1,Sand flat,4889,52,9,1.195,2219,0,4,May,Harrison,,0
17.48,123,SF1,Sand flat,4891,53,10,1.336,2216,0,4,May,Harrison,,0
17.48,123,SF1,Sand flat,4892,55,9,1.344,2217,0,4,May,Harrison,,0
17.48,123,SF1,Sand flat,4893,70,11,3.081,2215,0,4,May,W_Chilliwack,,0
14.92,124,M4,Marsh,4908,41,7,NA,NA,0,4,May,NA,,0
14.92,124,M4,Marsh,4909,46,8,0.853,2225,0,4,May,Harrison,,0
14.92,124,M4,Marsh,4910,41,7,0.479,2224,0,4,May,Harrison,,0
14.92,124,M4,Marsh,4911,46,6,0.693,2226,0,4,May,Harrison,,0
14.92,124,M4,Marsh,4912,43,8,0.756,2223,0,4,May,W_Chilliwack,,0
14.92,124,M4,Marsh,4913,44,6,0.481,2227,0,4,May,Harrison,,0
12.88,124,M3,Marsh,4949,50,9,0.965,2228,0,4,May,Harrison,,1
12.88,124,M3,Marsh,4950,46,6,0.761,2230,0,4,May,Harrison,,1
12.88,124,M3,Marsh,4951,48,8,0.917,2231,0,4,May,Harrison,,1
12.88,124,M3,Marsh,4952,52,8,1.151,2229,0,4,May,Harrison,,1
12.88,124,M3,Marsh,4953,44,7,0.663,2232,0,4,May,Harrison,,1
12.88,124,M3,Marsh,4954,48,9,0.94,2333,0,4,May,W_Chilliwack,,0
12.88,124,M3,Marsh,4955,41,7,0.399,2234,0,4,May,Harrison,,1
12.88,124,M3,Marsh,4960,85,15,NA,2111,0,4,May,Torpy,,0
12.88,124,M3,Marsh,4964,90,17,NA,2112,0,4,May,Torpy,,0
12.34,131,M2,Marsh,4973,63,12,2.433,2235,0,4,May,Harrison,,1
12.34,131,M2,Marsh,4976,52,9,1.021,2236,0,4,May,Harrison,,0
12.34,131,M2,Marsh,4977,65,11,1.946,2237,0,4,May,Harrison,,0
12.52,131,M1,Marsh,4984,48,9,0.957,2241,0,4,May,Harrison,,1
12.52,131,M1,Marsh,4985,48,9,1.009,2239,0,4,May,Harrison,,1
12.52,131,M1,Marsh,4986,49,9,0.982,2240,0,4,May,Harrison,,0
12.52,131,M1,Marsh,4987,45,8,0.795,2238,0,4,May,Harrison,,0
12.52,131,M1,Marsh,4988,54,10,1.454,2242,0,4,May,Harrison,,0
12.52,131,M1,Marsh,4989,55,10,1.425,2243,0,4,May,Harrison,,1
13.86,132,SF5,Sand flat,4990,71,12,3.187,2244,0,5,May,Harrison,,1
13.86,132,SF5,Sand flat,4991,63,10,2.148,2245,0,5,May,W_Chilliwack,,1
13.86,132,SF5,Sand flat,4992,58,11,1.12,2246,0,5,May,Harrison,,1
13.86,132,SF5,Sand flat,4993,67,12,4.815,2247,0,5,May,Harrison,,1
12.75,132,SF6,Sand flat,4995,57,11,1.624,2248,0,5,May,Harrison,,0
12.75,132,SF6,Sand flat,4996,66,11,2.678,2249,0,5,May,W_Chilliwack,,0
12.62,133,SF4,Sand flat,5223,68,13,3.017,2250,0,5,May,Harrison,,2
13.48,133,SF1,Sand flat,5224,55,9,1.46,2256,0,5,May,Harrison,,2
13.48,133,SF1,Sand flat,5225,64,12,2.413,2257,0,5,May,Harrison,,1
13.48,133,SF1,Sand flat,5234,79,12,NA,2113,0,5,May,Harrison,,0
13.48,133,SF1,Sand flat,5235,54,8,1.306,2261,0,5,May,Harrison,,1
13.48,133,SF1,Sand flat,5236,67,12,2.889,2260,0,5,May,Harrison,,1
13.48,133,SF1,Sand flat,5238,66,11,2.739,2259,0,5,May,W_Chilliwack,,1
13.48,133,SF1,Sand flat,5239,67,12,2.737,2258,0,5,May,Harrison,,1
13.2,133,SF2,Sand flat,5249,64,11,4.133,2252,0,5,May,Harrison,,1
13.2,133,SF2,Sand flat,5250,59,10,2.077,2251,0,5,May,Harrison,,2
13.2,133,SF2,Sand flat,5251,62,11,2.179,2255,0,5,May,Harrison,,1
13.2,133,SF2,Sand flat,5255,58,11,1.855,2253,0,5,May,Harrison,,2
13.2,133,SF2,Sand flat,5256,56,10,1.582,2254,0,5,May,W_Chilliwack,,1
14.7,133,SF3,Sand flat,5265,93,18,NA,2114,0,5,May,Horsefly,,0
14.7,133,SF3,Sand flat,5279,69,12,3.073,2262,0,5,May,Harrison,,1
12.76,134,E4,Eelgrass,5977,56,10,1.613,2263,0,5,May,Harrison,,1
12.76,134,E4,Eelgrass,5978,56,10,1.563,2264,0,5,May,Harrison,,1
13.45,135,M4,Marsh,7444,41,5,0.513,2265,0,5,May,W_Chilliwack,,1
13.45,135,M4,Marsh,7445,51,8,1.261,2266,0,5,May,W_Chilliwack,,1
13.45,135,M4,Marsh,7458,52,9,1.28,2267,0,5,May,Harrison,,1
13.11,135,M3,Marsh,7516,47,8,0.924,2268,0,5,May,W_Chilliwack,,2
13.11,135,M3,Marsh,7518,55,11,1.528,2269,0,5,May,Harrison,,1
13.15,136,M2,Marsh,7529,64,11,2.195,2275,0,5,May,Harrison,,1
13.15,136,M2,Marsh,7530,47,8,0.948,2270,0,5,May,Harrison,,1
13.15,136,M2,Marsh,7531,59,10,1.86,2272,0,5,May,Harrison,,1
13.15,136,M2,Marsh,7532,48,8,0.962,2273,0,5,May,Harrison,,1
13.15,136,M2,Marsh,7533,48,8,0.96,2276,0,5,May,Harrison,,2
13.15,136,M2,Marsh,7534,61,11,2.087,2277,0,5,May,Harrison,,1
13.15,136,M2,Marsh,7535,55,9,1.456,2247,0,5,May,Harrison,,1
13.15,136,M2,Marsh,7536,71,13,3.18,2271,0,5,May,Harrison,,1
13.15,136,M2,Marsh,7537,92,16,NA,2115,0,5,May,NA,Y,0
13.15,136,M2,Marsh,7542,58,9,1.743,2283,0,5,May,Harrison,,1
13.15,136,M2,Marsh,7543,58,9,1.743,2282,0,5,May,Harrison,,1
13.15,136,M2,Marsh,7544,57,8,1.685,2284,0,5,May,Harrison,,1
13.15,136,M2,Marsh,7545,58,8,1.891,2285,0,5,May,Harrison,,0
13.15,136,M2,Marsh,7546,59,9,1.789,2286,0,5,May,Harrison,,1
13.15,136,M2,Marsh,7547,58,9,1.824,2281,0,5,May,Harrison,,1
13.15,136,M2,Marsh,7548,57,8,1.645,2280,0,5,May,Harrison,,0
13.15,136,M2,Marsh,7549,59,10,2.095,2278,0,5,May,Harrison,,2
13.15,136,M2,Marsh,7550,61,10,2.169,2279,0,5,May,Harrison,,1
13.15,136,M2,Marsh,7559,55,9,1.474,2288,0,5,May,W_Chilliwack,,1
13.15,136,M2,Marsh,7560,53,9,1.492,2287,0,5,May,Harrison,,1
12.74,136,M1,Marsh,7565,43,6,0.633,2291,0,5,May,Harrison,,1
12.74,136,M1,Marsh,7566,50,8,1.15,2292,0,5,May,Harrison,,1
12.74,136,M1,Marsh,7569,45,6,0.831,2290,0,5,May,W_Chilliwack,,1
12.74,136,M1,Marsh,7570,60,9,2.099,2289,0,5,May,Harrison,,1
14.77,148,SF6,Sand flat,9195,88,15,5.75,2302,0,6,May,W_Chilliwack,T,0
13.76,148,E1,Eelgrass,9585,62,10,2.366,2301,0,6,May,Harrison,,1
13.2,150,M4,Marsh,9639,62,10,2.102,2303,0,6,May,Harrison,,1
13.2,150,M4,Marsh,9640,56,9,1.727,2304,0,6,May,Harrison,,1
13.2,150,M4,Marsh,9882,54,10,1.331,2305,0,6,May,Harrison,,1
13.2,150,M4,Marsh,9883,61,12,2.203,2306,0,6,May,Harrison,,1
13.2,150,M4,Marsh,9884,62,9,2.212,2307,0,6,May,Harrison,,2
13.2,150,M4,Marsh,10119,66,11,2.603,2308,0,6,May,Harrison,,1
13.2,150,M4,Marsh,10120,59,11,2.012,2309,0,6,May,Harrison,,1
13.2,150,M4,Marsh,10121,52,9,1.259,2310,0,6,May,W_Chilliwack,,1
13.2,150,M4,Marsh,10122,49,9,1.187,2116,0,6,May,Harrison,,1
13.75,151,M5,Marsh,10297,65,11,2.285,2311,0,6,May,Harrison,,1
13.75,151,M5,Marsh,10298,64,12,2.788,2312,0,6,May,Harrison,,1
13.75,151,M5,Marsh,10318,74,14,4.106,2313,0,6,May,Harrison,,1
13.75,151,M5,Marsh,10319,62,10,2.277,2314,0,6,May,Harrison,,2
13.75,151,M5,Marsh,10320,72,14,3.444,2315,0,6,May,W_Chilliwack,,1
13.75,151,M5,Marsh,10321,58,11,2.014,2316,0,6,May,Harrison,,2
14.08,151,M3,Marsh,10332,54,10,1.44,2318,0,6,May,Harrison,,1
14.08,151,M3,Marsh,10348,63,10,2.519,2319,0,6,May,Harrison,,1
13.75,151,M5,Marsh,10354,51,9,1.349,2317,0,6,May,Harrison,,1
17.33,152,SF1,Sand flat,10374,63,12,2.702,2320,0,6,May,Harrison,,2
16.57,152,SF2,Sand flat,10383,72,13,3.396,2321,0,6,May,Harrison,,2
15.8,152,SF3,Sand flat,10396,84,16,5.702,2322,0,6,May,W_Chilliwack,T,1
14.15,154,M2,Marsh,10448,68,11,3.194,2323,0,6,June,Harrison,,1
14.15,154,M2,Marsh,10449,67,11,2.953,2324,0,6,June,Harrison,,1
14.15,154,M2,Marsh,10457,72,10,3.381,2325,0,6,June,Harrison,,1
14.15,154,M2,Marsh,10458,62,10,2.464,2326,0,6,June,W_Chilliwack,,0
14.15,154,M2,Marsh,10459,65,10,2.648,2327,0,6,June,W_Chilliwack,,0
14.15,154,M2,Marsh,10460,68,10,2.84,2328,0,6,June,W_Chilliwack,,1
14.15,154,M2,Marsh,10461,72,12,3.877,2329,0,6,June,Harrison,,2
14.15,154,M2,Marsh,10462,62,9,2.35,2330,0,6,June,Harrison,,1
14.15,154,M2,Marsh,10463,64,10,2.623,2331,0,6,June,Harrison,,1
14.15,154,M2,Marsh,10464,68,11,3.232,2332,0,6,June,Harrison,,1
14.15,154,M2,Marsh,10465,75,13,4.498,2333,0,6,June,W_Chilliwack,T,1
14.15,154,M2,Marsh,10466,62,9,2.394,2334,0,6,June,Harrison,,1
14.15,154,M2,Marsh,10467,77,13,4.6,2335,0,6,June,Harrison,,1
14.15,154,M2,Marsh,10468,66,11,2.935,2336,0,6,June,W_Chilliwack,,2
14.15,154,M2,Marsh,10469,74,13,4.392,2337,0,6,June,Harrison,,1
14.15,154,M2,Marsh,10470,64,11,2.672,2338,0,6,June,Harrison,,1
14.15,154,M2,Marsh,10471,86,14,6.133,2339,0,6,June,Harrison,,1
14.15,154,M2,Marsh,10472,63,12,2.749,2340,0,6,June,Harrison,,2
14.15,154,M2,Marsh,10473,66,11,2.754,2341,0,6,June,Harrison,,1
14.15,154,M2,Marsh,10474,62,10,2.576,2342,0,6,June,W_Chilliwack,,0
14.15,154,M2,Marsh,10475,58,9,1.908,2343,0,6,June,W_Chilliwack,,1
14.15,154,M2,Marsh,10477,64,10,3.256,2344,0,6,June,Harrison,,0
14.15,154,M2,Marsh,10478,69,11,1.888,2346,0,6,June,W_Chilliwack,,0
14.15,154,M2,Marsh,10479,56,9,3.27,2345,0,6,June,Harrison,,1
16.2,160,M3,Marsh,10481,56,10,1.835,2347,0,7,June,W_Chilliwack,,1
16.2,160,M3,Marsh,10491,75,13,4.401,2348,0,7,June,Harrison,,2
16.2,160,M3,Marsh,10492,69,12,3.16,2349,0,7,June,W_Chilliwack,,0
16.2,160,M3,Marsh,10494,72,12,3.478,2350,0,7,June,Harrison,,1
14.69,161,E4,Eelgrass,11406,92,18,7.597,2351,0,7,June,W_Chilliwack,,1
15.16,162,M4,Marsh,11743,69,13,3.067,2352,0,7,June,Harrison,,1
15.16,162,M4,Marsh,11772,72,12,3.884,2353,0,7,June,Harrison,,2
15.16,162,M4,Marsh,11773,74,12,3.994,2354,0,7,June,Harrison,,1
15.17,162,M5,Marsh,11793,59,9,1.956,2355,0,7,June,W_Chilliwack,,1
15.17,162,M5,Marsh,11794,65,11,2.683,2356,0,7,June,L_Thompson,,0
15.17,162,M5,Marsh,11795,94,17,7.802,2357,0,7,June,W_Chilliwack,Y,1
15.4,163,E1,Eelgrass,12467,95,19,NA,2118,0,7,June,Harrison,Y,0
14.7,163,SF5,Sand flat,12576,89,17,NA,2119,0,7,June,W_Chilliwack,Y,0
14.7,163,SF5,Sand flat,12577,96,19,NA,2120,0,7,June,W_Chilliwack,Y,0
14.7,163,SF5,Sand flat,12578,70,12,3.633,2358,0,7,June,Harrison,,1
15.455,164,SF4,Sand flat,12693,88,14,NA,2121,0,7,June,W_Chilliwack,Y,0
15.39,164,SF2,Sand flat,12748,103,19,11.6,2359,0,7,June,W_Chilliwack,T,1
15.39,164,SF2,Sand flat,12752,92,16,NA,2122,0,7,June,W_Chilliwack,Y,0
15.39,164,SF2,Sand flat,12753,91,17,NA,2123,0,7,June,Harrison,Y,0
15.52,164,SF1,Sand flat,13792,81,18,4.52,2361,0,7,June,W_Chilliwack,T,1
15.52,164,SF1,Sand flat,13793,76,13,4.002,2362,0,7,June,W_Chilliwack,,1
15.52,164,SF1,Sand flat,13794,73,12,3.753,2360,0,7,June,Harrison,,1
14.81,165,M1,Marsh,13837,82,14,5.488,2363,0,7,June,Nechako,,0
14.81,165,M1,Marsh,13838,77,13,5.017,2364,0,7,June,Indianpoint,,0
14.86,167,M2,Marsh,13883,92,16,NA,2124,0,7,June,W_Chilliwack,Y,0
14.86,167,M2,Marsh,13884,64,10,2.784,2366,0,7,June,Harrison,,1
15.42,167,M5,Marsh,13898,64,11,2.444,2367,0,7,June,Harrison,,2
15.42,167,M5,Marsh,13900,74,13,3.67,2368,0,7,June,L_Thompson,,0
14.79,176,E4,Eelgrass,16960,82,14,4.476,2370,0,7.5,June,W_Chilliwack,,1
15.04,176,E3,Eelgrass,18656,90,15,6.516,2369,0,7.5,June,W_Chilliwack,,2
13.75,177,E2,Eelgrass,19343,87,16,7.398,2371,0,7.5,June,Harrison,,1
17.61,180,M5,Marsh,20233,61,10,2.275,2372,0,7.5,June,W_Chilliwack,,1
14.07108613,182,SF1,Sand flat,20239,83,19,5.411,2374,0,7.5,June,Harrison,Y,1
14.07108613,182,SF1,Sand flat,20243,80,18,NA,2125,0,7.5,June,Harrison,Y,0
14.07108613,182,SF1,Sand flat,20244,76,12,4.132,2373,0,7.5,June,L_Thompson,,2
14.07108613,182,SF4,Sand flat,20616,106,18,NA,2126,0,7.5,June,W_Chilliwack,Y,0
16.62,191,M3,Marsh,20670,69,11,3.314,2375,0,8,July,South_Thom,,0
14.75,192,E5,Eelgrass,21965,96,20,NA,2127,0,8,July,Harrison,Y,0
17.32,192,E6,Eelgrass,22452,110,20,14.822,2376,0,8,July,W_Chilliwack,,1
15.13,192,E4,Eelgrass,24012,113,20,NA,2128,0,8,July,W_Chilliwack,Y,0
15.13,192,E4,Eelgrass,24351,122,23,NA,2129,0,8,July,W_Chilliwack,Y,0
15.65,192,E3,Eelgrass,27797,96,18,NA,2130,0,8,July,Harrison,Y,0
16.92,193,M5,Marsh,28006,71,12,3.833,2377,0,8,July,South_Thom,,0
16.92,193,M5,Marsh,28012,76,12,4.432,2378,0,8,July,South_Thom,,0
16.92,193,M5,Marsh,28036,72,12,3.806,2379,0,8,July,Little_R,,0
17.76,195,M2,Marsh,29208,77,14,6.542,2380,0,8,July,South_Thom,,0
17.76,195,M2,Marsh,29257,64,10,2.751,2381,0,8,July,South_Thom,,0
20.41,197,SF1,Sand flat,29259,106,20,NA,2131,0,8,July,Harrison,,0
12.47,285,SF5,Sand flat,33426,210,38,NA,NA,0,10,October,NA,,0
4.15,64,M5,Marsh,33766,40,5,NA,NA,1,0.5,March,NA,,0
5.36,76,M3,Marsh,33770,39,4,NA,NA,1,1,March,NA,,0
5.36,76,M3,Marsh,33771,38,4,NA,NA,1,1,March,NA,,0
5.36,76,M3,Marsh,33772,39,5,NA,NA,1,1,March,NA,,0
5.36,76,M3,Marsh,33773,40,5,NA,NA,1,1,March,NA,,0
5.36,76,M3,Marsh,33774,40,4,NA,NA,1,1,March,NA,,0
5.36,76,M3,Marsh,33775,39,4,NA,NA,1,1,March,NA,,0
5.36,76,M3,Marsh,33776,41,5,NA,NA,1,1,March,NA,,0
5.36,76,M3,Marsh,33778,42,5,NA,NA,1,1,March,NA,,0
5.36,76,M3,Marsh,33779,39,5,NA,NA,1,1,March,NA,,0
5.36,76,M3,Marsh,33780,34,3,NA,NA,1,1,March,NA,,0
5.36,76,M3,Marsh,33781,38,5,NA,NA,1,1,March,NA,,0
5.36,76,M3,Marsh,33782,37,4,NA,NA,1,1,March,NA,,0
5.36,76,M3,Marsh,33784,38,5,NA,NA,1,1,March,NA,,0
5.36,76,M3,Marsh,33785,38,5,NA,NA,1,1,March,NA,,0
5.36,76,M3,Marsh,33787,39,4,NA,NA,1,1,March,NA,,0
5.36,76,M3,Marsh,33789,43,6,NA,NA,1,1,March,NA,,0
5.36,76,M3,Marsh,33790,40,5,NA,NA,1,1,March,NA,,0
5.36,76,M3,Marsh,33791,38,4,NA,NA,1,1,March,NA,,0
5.36,76,M3,Marsh,33792,43,6,NA,NA,1,1,March,NA,,0
5.36,76,M3,Marsh,33793,41,5,NA,NA,1,1,March,NA,,0
5.36,76,M3,Marsh,33794,39,5,NA,NA,1,1,March,NA,,0
5.36,76,M3,Marsh,33795,41,5,NA,NA,1,1,March,NA,,0
5.36,76,M3,Marsh,33796,38,5,NA,NA,1,1,March,NA,,0
5.36,76,M3,Marsh,33798,39,4,NA,NA,1,1,March,NA,,0
5.36,76,M3,Marsh,33799,38,4,NA,NA,1,1,March,NA,,0
5.36,76,M3,Marsh,33800,38,4,NA,NA,1,1,March,NA,,0
5.36,76,M3,Marsh,33801,41,5,NA,NA,1,1,March,NA,,0
5.36,76,M3,Marsh,33803,42,4,NA,NA,1,1,March,NA,,0
5.36,76,M3,Marsh,33805,41,5,NA,NA,1,1,March,NA,,0
5.36,76,M3,Marsh,33806,42,5,NA,NA,1,1,March,NA,,0
5.36,76,M3,Marsh,33807,42,5,NA,NA,1,1,March,NA,,0
5.36,76,M3,Marsh,33808,38,4,NA,NA,1,1,March,NA,,0
5.36,76,M3,Marsh,33809,40,5,NA,2502,1,1,March,NA,,0
5.36,76,M3,Marsh,33810,40,5,NA,NA,1,1,March,NA,,0
5.36,76,M3,Marsh,33811,37,4,NA,NA,1,1,March,NA,,0
5.36,76,M3,Marsh,33812,44,5,NA,NA,1,1,March,NA,,0
5.36,76,M3,Marsh,33813,40,5,NA,NA,1,1,March,NA,,0
5.36,76,M3,Marsh,33814,44,4,NA,NA,1,1,March,NA,,0
5.36,76,M3,Marsh,33815,43,5,NA,NA,1,1,March,NA,,0
5.36,76,M3,Marsh,33816,39,5,NA,NA,1,1,March,NA,,0
5.36,76,M3,Marsh,33817,38,5,NA,NA,1,1,March,NA,,0
5.36,76,M3,Marsh,33818,47,6,NA,NA,1,1,March,NA,,0
5.36,76,M3,Marsh,33819,39,4,NA,NA,1,1,March,NA,,0
5.36,76,M3,Marsh,33820,42,5,NA,NA,1,1,March,NA,,0
5.36,76,M3,Marsh,33821,42,5,NA,NA,1,1,March,NA,,0
5.36,76,M3,Marsh,33822,41,5,NA,NA,1,1,March,NA,,0
5.36,76,M3,Marsh,33823,41,5,NA,NA,1,1,March,NA,,0
5.36,76,M3,Marsh,33824,42,5,NA,NA,1,1,March,NA,,0
5.36,76,M3,Marsh,33825,41,5,NA,NA,1,1,March,NA,,0
5.36,76,M3,Marsh,33826,39,5,NA,NA,1,1,March,NA,,0
5.36,76,M3,Marsh,33827,41,5,NA,NA,1,1,March,NA,,0
5.36,76,M3,Marsh,33828,38,5,NA,NA,1,1,March,NA,,0
5.36,76,M3,Marsh,33829,38,4,NA,NA,1,1,March,NA,,0
5.36,76,M3,Marsh,33830,38,5,NA,NA,1,1,March,NA,,0
5.36,76,M3,Marsh,33831,36,4,NA,NA,1,1,March,NA,,0
5.36,76,M3,Marsh,33832,39,5,NA,NA,1,1,March,NA,,0
5.36,76,M3,Marsh,33833,39,4,NA,NA,1,1,March,NA,,0
5.36,76,M3,Marsh,33834,38,4,NA,NA,1,1,March,NA,,0
5.36,76,M3,Marsh,33835,39,4,NA,NA,1,1,March,NA,,0
5.36,76,M3,Marsh,33836,37,5,NA,NA,1,1,March,NA,,0
5.36,76,M3,Marsh,33837,42,5,NA,NA,1,1,March,NA,,0
5.36,76,M3,Marsh,33838,40,5,NA,NA,1,1,March,NA,,0
5.36,76,M3,Marsh,33839,39,5,NA,NA,1,1,March,NA,,0
5.36,76,M3,Marsh,33840,37,4,NA,NA,1,1,March,NA,,0
5.36,76,M3,Marsh,33841,NA,NA,NA,NA,1,1,March,NA,,0
5.36,76,M3,Marsh,33842,NA,NA,NA,NA,1,1,March,NA,,0
5.36,76,M3,Marsh,33843,NA,NA,NA,NA,1,1,March,NA,,0
5.36,76,M3,Marsh,33844,NA,NA,NA,NA,1,1,March,NA,,0
5.36,76,M3,Marsh,33845,NA,NA,NA,NA,1,1,March,NA,,0
5.36,76,M3,Marsh,33846,NA,NA,NA,NA,1,1,March,NA,,0
5.36,76,M3,Marsh,33847,NA,NA,NA,NA,1,1,March,NA,,0
5.36,76,M3,Marsh,33848,NA,NA,NA,NA,1,1,March,NA,,0
5.36,76,M3,Marsh,33849,NA,NA,NA,NA,1,1,March,NA,,0
5.36,76,M3,Marsh,33850,NA,NA,NA,NA,1,1,March,NA,,0
5.36,76,M3,Marsh,33851,NA,NA,NA,NA,1,1,March,NA,,0
5.36,76,M3,Marsh,33852,NA,NA,NA,NA,1,1,March,NA,,0
5.36,76,M3,Marsh,33853,NA,NA,NA,NA,1,1,March,NA,,0
5.36,76,M3,Marsh,33854,NA,NA,NA,NA,1,1,March,NA,,0
6.27,78,M1,Marsh,33973,39,5,NA,2701,1,1,March,NA,,0
6.27,78,M1,Marsh,33974,40,5,NA,2513,1,1,March,NA,,0
6.27,78,M1,Marsh,33975,37,5,NA,2702,1,1,March,NA,,0
6.27,78,M1,Marsh,33976,43,6,NA,2703,1,1,March,NA,,0
6.27,78,M1,Marsh,33977,38,5,NA,2704,1,1,March,NA,,0
6.27,78,M1,Marsh,33978,31,4,NA,NA,1,1,March,NA,,0
6.27,78,M1,Marsh,33979,39,5,NA,NA,1,1,March,NA,,0
6.27,78,M1,Marsh,33982,42,6,NA,NA,1,1,March,NA,,0
6.27,78,M1,Marsh,33983,38,6,NA,NA,1,1,March,NA,,0
6.27,78,M1,Marsh,33984,39,5,NA,NA,1,1,March,NA,,0
6.27,78,M1,Marsh,33987,36,5,NA,NA,1,1,March,NA,,0
6.27,78,M1,Marsh,33988,38,6,NA,NA,1,1,March,NA,,0
6.27,78,M1,Marsh,33989,38,5,NA,NA,1,1,March,NA,,0
6.27,78,M1,Marsh,33990,41,5,NA,NA,1,1,March,NA,,0
6.27,78,M1,Marsh,33991,37,4,NA,NA,1,1,March,NA,,0
6.27,78,M1,Marsh,33992,45,7,NA,NA,1,1,March,NA,,0
6.27,78,M1,Marsh,33993,39,5,NA,NA,1,1,March,NA,,0
6.27,78,M1,Marsh,33994,41,6,NA,NA,1,1,March,NA,,0
6.27,78,M1,Marsh,33995,38,5,NA,NA,1,1,March,NA,,0
6.27,78,M1,Marsh,33996,36,5,NA,NA,1,1,March,NA,,0
6.27,78,M1,Marsh,33997,40,5,NA,NA,1,1,March,NA,,0
6.27,78,M1,Marsh,33998,42,6,NA,NA,1,1,March,NA,,0
6.27,78,M1,Marsh,33999,43,6,NA,NA,1,1,March,NA,,0
6.27,78,M1,Marsh,34000,41,5,NA,NA,1,1,March,NA,,0
6.27,78,M1,Marsh,34002,45,5,NA,NA,1,1,March,NA,,0
6.67,81,M5,Marsh,34914,43,7,NA,2709,1,1,March,NA,,0
6.67,81,M5,Marsh,34915,43,8,NA,2710,1,1,March,NA,,0
6.67,81,M5,Marsh,34916,38,6,NA,2711,1,1,March,NA,,0
6.67,81,M5,Marsh,34917,40,6,NA,2712,1,1,March,NA,,0
6.67,81,M5,Marsh,34918,38,5,NA,NA,1,1,March,NA,,0
6.67,81,M5,Marsh,34919,42,7,NA,NA,1,1,March,NA,,0
6.67,81,M5,Marsh,34921,44,7,NA,NA,1,1,March,NA,,0
6.67,81,M5,Marsh,34922,43,7,NA,NA,1,1,March,NA,,0
6.67,81,M5,Marsh,34923,45,7,NA,NA,1,1,March,NA,,0
6.67,81,M5,Marsh,34924,47,8,NA,NA,1,1,March,NA,,0
6.67,81,M5,Marsh,34925,43,6,NA,NA,1,1,March,NA,,0
6.67,81,M5,Marsh,34926,38,4,NA,NA,1,1,March,NA,,0
7.85,90,M5,Marsh,34927,36,5,NA,NA,1,2,March,NA,,0
7.85,90,M5,Marsh,34928,46,8,NA,NA,1,2,March,NA,,0
7.85,90,M5,Marsh,34929,38,6,NA,NA,1,2,March,NA,,0
7.08,91,M2,Marsh,35956,36,5,NA,NA,1,2,April,NA,,0
7.08,91,M2,Marsh,35957,39,6,NA,NA,1,2,April,NA,,0
7.08,91,M2,Marsh,35958,41,6,NA,NA,1,2,April,NA,,0
8.22,93,E2,Eelgrass,37029,39,6,NA,NA,1,2,April,NA,,0
8.22,93,E2,Eelgrass,37032,38,6,NA,NA,1,2,April,NA,,0
8.22,93,E2,Eelgrass,37035,42,6,NA,NA,1,2,April,NA,,0
8.22,93,E2,Eelgrass,37047,42,6,NA,NA,1,2,April,NA,,0
8.22,93,E2,Eelgrass,37048,38,5,NA,NA,1,2,April,NA,,0
8.22,93,E2,Eelgrass,37051,41,6,NA,NA,1,2,April,NA,,0
8.31,93,E1,Eelgrass,37060,42,8,NA,NA,1,2,April,NA,,0
7.98,108,M1,Marsh,37095,41,5,NA,NA,1,3,April,NA,,0
7.98,108,M1,Marsh,37096,41,5,NA,NA,1,3,April,NA,,0
9.02,110,M2,Marsh,37286,45,6,NA,2734,1,3,April,Harrison,,0
9.02,110,M2,Marsh,37287,41,5,NA,2733,1,3,April,Harrison,,0
9.02,110,M2,Marsh,37288,39,6,NA,2735,1,3,April,Harrison,,0
9.02,110,M2,Marsh,37289,41,6,NA,2736,1,3,April,Harrison,,0
9.02,110,M2,Marsh,37290,44,7,NA,2737,1,3,April,Harrison,,0
9.02,110,M2,Marsh,37291,52,6,NA,2738,1,3,April,Harrison,,0
9.02,110,M2,Marsh,37292,39,5,NA,2739,1,3,April,W_Chilliwack,,0
9.02,110,M2,Marsh,37293,42,5,NA,2740,1,3,April,Harrison,,0
9.02,110,M2,Marsh,37294,41,5,NA,2741,1,3,April,Harrison,,0
9.02,110,M2,Marsh,37295,39,6,NA,2742,1,3,April,Harrison,,0
9.02,110,M2,Marsh,37297,43,9,NA,NA,1,3,April,NA,,0
9.02,110,M2,Marsh,37298,41,5,NA,NA,1,3,April,NA,,0
9.02,110,M2,Marsh,37299,42,7,NA,NA,1,3,April,NA,,0
9.02,110,M2,Marsh,37300,41,6,NA,NA,1,3,April,NA,,0
9.02,110,M2,Marsh,37301,37,5,NA,NA,1,3,April,NA,,0
9.02,110,M2,Marsh,37302,43,6,NA,NA,1,3,April,NA,,0
9.02,110,M2,Marsh,37303,41,5,NA,NA,1,3,April,NA,,0
9.02,110,M2,Marsh,37304,41,5,NA,NA,1,3,April,NA,,0
9.02,110,M2,Marsh,37305,40,6,NA,NA,1,3,April,NA,,0
9.02,110,M2,Marsh,37306,41,6,NA,NA,1,3,April,NA,,0
9.02,110,M2,Marsh,37307,42,6,NA,NA,1,3,April,NA,,0
9.02,110,M2,Marsh,37308,41,5,NA,NA,1,3,April,NA,,0
9.02,110,M2,Marsh,37309,39,5,NA,NA,1,3,April,NA,,0
9.02,110,M2,Marsh,37310,39,5,NA,NA,1,3,April,NA,,0
9.02,110,M2,Marsh,37311,43,5,NA,NA,1,3,April,NA,,0
9.02,110,M2,Marsh,37312,41,6,NA,NA,1,3,April,NA,,0
9.02,110,M2,Marsh,37313,41,6,NA,NA,1,3,April,NA,,0
9.02,110,M2,Marsh,37314,39,5,NA,NA,1,3,April,NA,,0
9.02,110,M2,Marsh,37315,41,6,NA,NA,1,3,April,NA,,0
9.02,110,M2,Marsh,37316,42,7,NA,NA,1,3,April,NA,,0
9.02,110,M2,Marsh,37318,NA,NA,NA,NA,1,3,April,NA,,0
9.02,110,M2,Marsh,37319,NA,NA,NA,NA,1,3,April,NA,,0
9.02,110,M2,Marsh,37320,NA,NA,NA,NA,1,3,April,NA,,0
9.02,110,M2,Marsh,37321,NA,NA,NA,NA,1,3,April,NA,,0
9.02,110,M2,Marsh,37322,NA,NA,NA,NA,1,3,April,NA,,0
9.02,110,M2,Marsh,37323,NA,NA,NA,NA,1,3,April,NA,,0
9.02,110,M2,Marsh,37324,NA,NA,NA,NA,1,3,April,NA,,0
9.02,110,M2,Marsh,37325,NA,NA,NA,NA,1,3,April,NA,,0
9.02,110,M2,Marsh,37326,NA,NA,NA,NA,1,3,April,NA,,0
9.02,110,M2,Marsh,37327,NA,NA,NA,NA,1,3,April,NA,,0
9.02,110,M2,Marsh,37328,NA,NA,NA,NA,1,3,April,NA,,0
9.02,110,M2,Marsh,37329,NA,NA,NA,NA,1,3,April,NA,,0
9.02,110,M2,Marsh,37330,NA,NA,NA,NA,1,3,April,NA,,0
9.02,110,M2,Marsh,37331,NA,NA,NA,NA,1,3,April,NA,,0
9.02,110,M2,Marsh,37333,NA,NA,NA,NA,1,3,April,NA,,0
9.02,110,M2,Marsh,37334,NA,NA,NA,NA,1,3,April,NA,,0
9.02,110,M2,Marsh,37335,NA,NA,NA,NA,1,3,April,NA,,0
9.02,110,M2,Marsh,37336,NA,NA,NA,NA,1,3,April,NA,,0
9.02,110,M2,Marsh,37337,NA,NA,NA,NA,1,3,April,NA,,0
9.02,110,M2,Marsh,37338,NA,NA,NA,NA,1,3,April,NA,,0
9.02,110,M2,Marsh,37339,NA,NA,NA,NA,1,3,April,NA,,0
9.02,110,M2,Marsh,37340,NA,NA,NA,NA,1,3,April,NA,,0
9.02,110,M2,Marsh,37341,NA,NA,NA,NA,1,3,April,NA,,0
9.02,110,M2,Marsh,37342,NA,NA,NA,NA,1,3,April,NA,,0
9.02,110,M2,Marsh,37343,NA,NA,NA,NA,1,3,April,NA,,0
9.02,110,M2,Marsh,37344,NA,NA,NA,NA,1,3,April,NA,,0
9.02,110,M2,Marsh,37345,NA,NA,NA,NA,1,3,April,NA,,0
9.02,110,M2,Marsh,37346,NA,NA,NA,NA,1,3,April,NA,,0
9.02,110,M2,Marsh,37347,NA,NA,NA,NA,1,3,April,NA,,0
9.02,110,M2,Marsh,37348,NA,NA,NA,NA,1,3,April,NA,,0
9.02,110,M2,Marsh,37349,NA,NA,NA,NA,1,3,April,NA,,0
9.02,110,M2,Marsh,37350,NA,NA,NA,NA,1,3,April,NA,,0
9.02,110,M2,Marsh,37351,NA,NA,NA,NA,1,3,April,NA,,0
9.02,110,M2,Marsh,37352,NA,NA,NA,NA,1,3,April,NA,,0
9.02,110,M2,Marsh,37353,NA,NA,NA,NA,1,3,April,NA,,0
9.02,110,M2,Marsh,37354,NA,NA,NA,NA,1,3,April,NA,,0
9.02,110,M2,Marsh,37355,NA,NA,NA,NA,1,3,April,NA,,0
9.02,110,M2,Marsh,37356,NA,NA,NA,NA,1,3,April,NA,,0
9.02,110,M2,Marsh,37357,NA,NA,NA,NA,1,3,April,NA,,0
9.02,110,M2,Marsh,37358,NA,NA,NA,NA,1,3,April,NA,,0
9.02,110,M2,Marsh,37359,NA,NA,NA,NA,1,3,April,NA,,0
9.02,110,M2,Marsh,37360,NA,NA,NA,NA,1,3,April,NA,,0
9.02,110,M2,Marsh,37361,NA,NA,NA,NA,1,3,April,NA,,0
9.02,110,M2,Marsh,37362,NA,NA,NA,NA,1,3,April,NA,,0
9.02,110,M2,Marsh,37363,NA,NA,NA,NA,1,3,April,NA,,0
9.02,110,M2,Marsh,37364,NA,NA,NA,NA,1,3,April,NA,,0
9.02,110,M2,Marsh,37365,NA,NA,NA,NA,1,3,April,NA,,0
9.02,110,M2,Marsh,37366,NA,NA,NA,NA,1,3,April,NA,,0
9.02,110,M2,Marsh,37367,NA,NA,NA,NA,1,3,April,NA,,0
9.02,110,M2,Marsh,37368,NA,NA,NA,NA,1,3,April,NA,,0
9.02,110,M2,Marsh,37369,NA,NA,NA,NA,1,3,April,NA,,0
9.02,110,M2,Marsh,37370,NA,NA,NA,NA,1,3,April,NA,,0
9.02,110,M2,Marsh,37371,NA,NA,NA,NA,1,3,April,NA,,0
9.02,110,M2,Marsh,37372,NA,NA,NA,NA,1,3,April,NA,,0
9.02,110,M2,Marsh,37410,NA,NA,NA,NA,1,3,April,NA,,0
9.02,110,M2,Marsh,37411,NA,NA,NA,NA,1,3,April,NA,,0
9.02,110,M2,Marsh,37412,NA,NA,NA,NA,1,3,April,NA,,0
9.02,110,M2,Marsh,37413,NA,NA,NA,NA,1,3,April,NA,,0
9.02,110,M2,Marsh,37414,NA,NA,NA,NA,1,3,April,NA,,0
9.02,110,M2,Marsh,37415,NA,NA,NA,NA,1,3,April,NA,,0
9.02,110,M2,Marsh,37416,NA,NA,NA,NA,1,3,April,NA,,0
9.02,110,M2,Marsh,37417,NA,NA,NA,NA,1,3,April,NA,,0
9.02,110,M2,Marsh,37418,NA,NA,NA,NA,1,3,April,NA,,0
9.02,110,M2,Marsh,37419,NA,NA,NA,NA,1,3,April,NA,,0
9.02,110,M2,Marsh,37420,NA,NA,NA,NA,1,3,April,NA,,0
9.02,110,M2,Marsh,37421,NA,NA,NA,NA,1,3,April,NA,,0
9.02,110,M2,Marsh,37422,NA,NA,NA,NA,1,3,April,NA,,0
9.02,110,M2,Marsh,37423,NA,NA,NA,NA,1,3,April,NA,,0
9.02,110,M2,Marsh,37424,NA,NA,NA,NA,1,3,April,NA,,0
9.02,110,M2,Marsh,37425,NA,NA,NA,NA,1,3,April,NA,,0
13.3,110,M5,Marsh,37448,40,6,NA,2743,1,3,April,Harrison,,0
13.3,110,M5,Marsh,37457,42,6,NA,2744,1,3,April,Harrison,,0
13.3,110,M5,Marsh,37458,45,8,NA,2745,1,3,April,Harrison,,0
13.3,110,M5,Marsh,37459,41,6,NA,2746,1,3,April,Harrison,,0
13.3,110,M5,Marsh,37460,44,8,NA,2747,1,3,April,Harrison,,0
13.3,110,M5,Marsh,37461,44,7,NA,2748,1,3,April,Harrison,,0
13.3,110,M5,Marsh,37462,43,6,NA,2749,1,3,April,Harrison,,0
13.3,110,M5,Marsh,37463,44,8,NA,2750,1,3,April,W_Chilliwack,,0
13.3,110,M5,Marsh,37464,44,7,NA,2751,1,3,April,Harrison,,0
13.3,110,M5,Marsh,37465,46,7,NA,2752,1,3,April,Harrison,,0
13.3,110,M5,Marsh,37466,43,7,NA,NA,1,3,April,NA,,0
13.3,110,M5,Marsh,37467,40,6,NA,NA,1,3,April,NA,,0
13.3,110,M5,Marsh,37470,39,5,NA,NA,1,3,April,NA,,0
9.03,111,M3,Marsh,38170,46,5,NA,2763,1,3,April,Harrison,,0
9.03,111,M3,Marsh,38171,48,8,NA,2764,1,3,April,Harrison,,0
9.03,111,M3,Marsh,38172,45,6,NA,2765,1,3,April,Harrison,,0
9.03,111,M3,Marsh,38173,48,7,NA,2766,1,3,April,Harrison,,0
9.03,111,M3,Marsh,38174,51,7,NA,2767,1,3,April,Harrison,,0
9.03,111,M3,Marsh,38175,44,7,NA,2768,1,3,April,Harrison,,0
9.03,111,M3,Marsh,38176,53,9,NA,2769,1,3,April,Harrison,,0
9.03,111,M3,Marsh,38177,46,7,NA,2770,1,3,April,Harrison,,0
9.03,111,M3,Marsh,38179,45,5,NA,NA,1,3,April,NA,,0
9.03,111,M3,Marsh,38180,40,5,NA,NA,1,3,April,NA,,0
9.03,111,M3,Marsh,38181,48,9,NA,NA,1,3,April,NA,,0
9.03,111,M3,Marsh,38183,43,6,NA,NA,1,3,April,NA,,0
9.03,111,M3,Marsh,38186,48,6,NA,NA,1,3,April,NA,,0
9.03,111,M3,Marsh,38191,36,5,NA,NA,1,3,April,NA,,0
9.03,111,M3,Marsh,38194,41,9,NA,2771,1,3,April,Harrison,,0
9.03,111,M3,Marsh,38195,43,9,NA,2772,1,3,April,Harrison,,0
9.03,111,M3,Marsh,38201,46,8,NA,NA,1,3,April,NA,,0
9.03,111,M3,Marsh,38202,43,9,NA,NA,1,3,April,NA,,0
9.14,111,M4,Marsh,38229,44,6,NA,2773,1,3,April,Harrison,,0
9.14,111,M4,Marsh,38231,44,6,NA,2774,1,3,April,Harrison,,0
9.14,111,M4,Marsh,38250,46,9,NA,2775,1,3,April,Harrison,,0
9.4,122,M1,Marsh,38728,34,4,NA,2801,1,4,May,Harrison,,0
9.4,122,M1,Marsh,38729,38,5,NA,2802,1,4,May,Harrison,,0
9.4,122,M1,Marsh,38730,42,7,NA,2803,1,4,May,Harrison,,0
9.4,122,M1,Marsh,38731,36,5,NA,2804,1,4,May,W_Chilliwack,,0
9.4,122,M1,Marsh,38732,39,5,NA,2805,1,4,May,Harrison,,0
9.4,122,M1,Marsh,38733,36,5,NA,NA,1,4,May,NA,,0
9.4,122,M1,Marsh,38734,39,6,NA,2806,1,4,May,Harrison,,0
9.4,122,M1,Marsh,38735,44,8,NA,2807,1,4,May,W_Chilliwack,,0
9.4,122,M1,Marsh,38736,37,5,NA,2808,1,4,May,Harrison,,0
9.4,122,M1,Marsh,38737,35,5,NA,2809,1,4,May,W_Chilliwack,,0
9.4,122,M1,Marsh,38738,36,6,NA,NA,1,4,May,NA,,0
9.4,122,M1,Marsh,38739,38,6,NA,2810,1,4,May,Harrison,,0
9.4,122,M1,Marsh,38900,43,7,NA,NA,1,4,May,NA,,0
9.4,122,M1,Marsh,38901,46,8,NA,NA,1,4,May,NA,,0
9.03,123,M2,Marsh,39269,41,6,NA,NA,1,4,May,NA,,0
9.03,123,M2,Marsh,39271,43,6,NA,2831,1,4,May,Harrison,,0
9.03,123,M2,Marsh,39274,43,8,NA,2832,1,4,May,W_Chilliwack,,0
9.03,123,M2,Marsh,39275,51,10,NA,2833,1,4,May,Harrison,,0
9.03,123,M2,Marsh,39276,38,6,NA,NA,1,4,May,NA,,0
9.03,123,M2,Marsh,39282,46,7,NA,2835,1,4,May,Harrison,,0
9.36,123,M5,Marsh,39286,50,8,NA,2836,1,4,May,Harrison,,0
9.36,123,M5,Marsh,39287,46,9,NA,2837,1,4,May,Harrison,,0
9.36,123,M5,Marsh,39288,46,7,NA,2838,1,4,May,Harrison,,0
9.36,123,M5,Marsh,39289,50,8,NA,2839,1,4,May,Harrison,,0
9.36,123,M5,Marsh,39290,49,10,NA,2840,1,4,May,W_Chilliwack,,0
9.36,123,M5,Marsh,39291,51,10,NA,2841,1,4,May,Harrison,,0
9.36,123,M5,Marsh,39374,45,9,NA,NA,1,4,May,NA,,0
9.36,123,M5,Marsh,39375,42,8,NA,NA,1,4,May,NA,,0
9.36,123,M5,Marsh,39376,46,9,NA,NA,1,4,May,NA,,0
9.36,123,M5,Marsh,39377,53,9,NA,NA,1,4,May,NA,,0
9.36,123,M5,Marsh,39378,46,8,NA,NA,1,4,May,NA,,0
9.36,123,M5,Marsh,39379,51,11,NA,NA,1,4,May,NA,,0
9.36,123,M5,Marsh,39380,50,8,NA,NA,1,4,May,NA,,0
9.36,123,M5,Marsh,39381,45,8,NA,NA,1,4,May,NA,,0
9.36,123,M5,Marsh,39382,49,8,NA,NA,1,4,May,NA,,0
9.36,123,M5,Marsh,39383,43,8,NA,NA,1,4,May,NA,,0
9.36,123,M5,Marsh,39384,44,9,NA,NA,1,4,May,NA,,0
9.36,123,M5,Marsh,39385,48,9,NA,NA,1,4,May,NA,,0
9.36,123,M5,Marsh,39387,46,8,NA,NA,1,4,May,NA,,0
9.36,123,M5,Marsh,39388,53,11,NA,NA,1,4,May,NA,,0
9.36,123,M5,Marsh,39389,51,10,NA,NA,1,4,May,NA,,0
9.36,123,M5,Marsh,39390,44,9,NA,NA,1,4,May,NA,,0
9.36,123,M5,Marsh,39391,42,7,NA,NA,1,4,May,NA,,0
9.36,123,M5,Marsh,39392,42,8,NA,NA,1,4,May,NA,,0
9.36,123,M5,Marsh,39394,45,7,NA,NA,1,4,May,NA,,0
9.36,123,M5,Marsh,39395,48,9,NA,2842,1,4,May,Harrison,,0
9.36,123,M5,Marsh,39396,49,9,NA,2843,1,4,May,Harrison,,0
9.36,123,M5,Marsh,39397,48,9,NA,2844,1,4,May,Harrison,,0
9.36,123,M5,Marsh,39398,58,12,NA,2845,1,4,May,Harrison,,0
9.36,123,M5,Marsh,39399,49,9,NA,2846,1,4,May,Harrison,,0
9.36,123,M5,Marsh,39400,51,10,NA,NA,1,4,May,NA,,0
9.96,124,M4,Marsh,39674,42,6,NA,NA,1,4,May,NA,,0
9.96,124,M4,Marsh,39675,43,6,NA,NA,1,4,May,NA,,0
9.96,124,M4,Marsh,39676,44,6,NA,NA,1,4,May,NA,,0
9.96,124,M4,Marsh,39677,47,7,NA,NA,1,4,May,NA,,0
9.96,124,M4,Marsh,39678,48,10,NA,NA,1,4,May,NA,,0
9.96,124,M4,Marsh,39679,45,7,NA,NA,1,4,May,NA,,0
9.96,124,M4,Marsh,39680,44,7,NA,NA,1,4,May,NA,,0
9.96,124,M4,Marsh,39681,43,8,NA,NA,1,4,May,NA,,0
9.96,124,M4,Marsh,39682,45,7,NA,NA,1,4,May,NA,,0
9.96,124,M4,Marsh,39683,48,8,NA,NA,1,4,May,NA,,0
9.96,124,M4,Marsh,39684,41,6,NA,NA,1,4,May,NA,,0
9.96,124,M4,Marsh,39685,53,9,NA,NA,1,4,May,NA,,0
9.96,124,M4,Marsh,39686,40,5,NA,NA,1,4,May,NA,,0
9.96,124,M4,Marsh,39687,39,7,NA,NA,1,4,May,NA,,0
9.96,124,M4,Marsh,39688,43,7,NA,NA,1,4,May,NA,,0
9.96,124,M4,Marsh,39689,39,7,NA,NA,1,4,May,NA,,0
9.96,124,M4,Marsh,39690,44,7,NA,NA,1,4,May,NA,,0
9.96,124,M4,Marsh,39691,45,7,NA,NA,1,4,May,NA,,0
9.96,124,M4,Marsh,39692,46,7,NA,NA,1,4,May,NA,,0
9.96,124,M4,Marsh,39693,45,7,NA,NA,1,4,May,NA,,0
9.96,124,M4,Marsh,39694,39,6,NA,NA,1,4,May,NA,,0
9.96,124,M4,Marsh,39695,48,8,NA,2861,1,4,May,Harrison,,0
9.96,124,M4,Marsh,39696,41,8,NA,2862,1,4,May,Harrison,,0
9.96,124,M4,Marsh,39697,42,8,NA,2863,1,4,May,Harrison,,0
9.96,124,M4,Marsh,39698,46,8,NA,2864,1,4,May,Harrison,,0
9.96,124,M4,Marsh,39699,46,8,NA,2865,1,4,May,Harrison,,0
9.96,124,M4,Marsh,39700,42,7,NA,2866,1,4,May,Harrison,,0
9.96,124,M4,Marsh,39701,45,9,NA,2867,1,4,May,Harrison,,0
9.96,124,M4,Marsh,39702,46,7,NA,2868,1,4,May,Harrison,,0
9.96,124,M4,Marsh,39703,45,8,NA,2869,1,4,May,Harrison,,0
9.96,124,M4,Marsh,39704,49,9,NA,2870,1,4,May,Harrison,,0
9.96,124,M4,Marsh,39705,NA,NA,NA,NA,1,4,May,NA,,0
9.96,124,M4,Marsh,39711,54,8,NA,NA,1,4,May,NA,,0
9.96,124,M4,Marsh,39712,43,7,NA,NA,1,4,May,NA,,0
9.96,124,M4,Marsh,39715,79,15,NA,2871,1,4,May,L_Cariboo,,0
9.96,124,M4,Marsh,39717,NA,NA,NA,NA,1,4,May,NA,,0
9.96,124,M4,Marsh,39720,NA,NA,NA,NA,1,4,May,NA,,0
9.96,124,M4,Marsh,39721,NA,NA,NA,NA,1,4,May,NA,,0
9.96,124,M4,Marsh,39722,NA,NA,NA,NA,1,4,May,NA,,0
9.96,124,M4,Marsh,39723,NA,NA,NA,NA,1,4,May,NA,,0
9.96,124,M4,Marsh,39728,NA,NA,NA,NA,1,4,May,NA,,0
9.96,124,M4,Marsh,39729,NA,NA,NA,NA,1,4,May,NA,,0
9.96,124,M4,Marsh,39732,NA,NA,NA,NA,1,4,May,NA,,0
9.96,124,M4,Marsh,39734,NA,NA,NA,NA,1,4,May,NA,,0
9.96,124,M3,Marsh,39736,42,5,NA,2872,1,4,May,Harrison,,0
9.96,124,M3,Marsh,39737,46,7,NA,2873,1,4,May,Harrison,,0
9.96,124,M3,Marsh,39813,59,11,NA,NA,1,4,May,NA,,0
9.96,124,M3,Marsh,39814,54,11,NA,2874,1,4,May,Harrison,,0
9.96,124,M3,Marsh,39815,51,10,NA,2875,1,4,May,Harrison,,0
9.96,124,M3,Marsh,39816,56,9,NA,2876,1,4,May,Harrison,,0
9.96,124,M3,Marsh,39817,48,9,NA,2877,1,4,May,Harrison,,0
9.96,124,M3,Marsh,39819,49,11,NA,2878,1,4,May,Harrison,,0
9.96,124,M3,Marsh,39820,41,7,NA,2879,1,4,May,Harrison,,0
9.96,124,M3,Marsh,39821,45,8,NA,2880,1,4,May,Harrison,,0
9.96,124,M3,Marsh,39822,46,7,NA,NA,1,4,May,NA,,0
9.96,124,M3,Marsh,39823,46,9,NA,NA,1,4,May,NA,,0
9.96,124,M3,Marsh,39824,42,6,NA,NA,1,4,May,NA,,0
9.96,124,M3,Marsh,39825,59,12,NA,NA,1,4,May,NA,,0
9.96,124,M3,Marsh,39826,49,10,NA,NA,1,4,May,NA,,0
9.96,124,M3,Marsh,39827,38,7,NA,NA,1,4,May,NA,,0
9.96,124,M3,Marsh,39828,48,10,NA,NA,1,4,May,NA,,0
9.96,124,M3,Marsh,39829,49,10,NA,NA,1,4,May,NA,,0
9.96,124,M3,Marsh,39830,52,11,NA,NA,1,4,May,NA,,0
9.96,124,M3,Marsh,39831,40,7,NA,NA,1,4,May,NA,,0
9.96,124,M3,Marsh,39832,48,7,NA,NA,1,4,May,NA,,0
9.96,124,M3,Marsh,39860,NA,NA,NA,NA,1,4,May,NA,,0
12.74,126,SF2,Sand flat,41653,95,19,NA,2896,1,4,May,Slim_C,,0
13.77,126,SF6,Sand flat,42062,92,10,NA,2897,1,4,May,Slim_C,,0
11.12,127,E3,Eelgrass,42244,89,14,NA,2615,1,4,May,Slim_C,,0
11.12,127,E3,Eelgrass,43749,66,11,NA,2621,1,4,May,NA,,0
11.12,127,E3,Eelgrass,43750,75,11,NA,2622,1,4,May,NA,,0
11.12,127,E3,Eelgrass,43751,74,12,NA,2623,1,4,May,NA,,0
13.92,127,E2,Eelgrass,43767,101,18,NA,2624,1,4,May,NA,,0
13.92,127,E2,Eelgrass,43826,82,18,NA,2627,1,4,May,Harrison,,0
12.88,127,E1,Eelgrass,43927,105,18,NA,2632,1,4,May,NA,,0
10.28,135,M1,Marsh,43965,39,6,NA,2901,1,5,May,Harrison,,0
10.28,135,M1,Marsh,43966,49,7,NA,2902,1,5,May,Harrison,,0
10.28,135,M1,Marsh,43967,82,14,NA,2903,1,5,May,Slim_C,,0
10.28,135,M1,Marsh,43968,41,8,NA,2904,1,5,May,W_Chilliwack,,0
10.28,135,M1,Marsh,43969,36,6,NA,2905,1,5,May,W_Chilliwack,,0
10.28,135,M1,Marsh,43970,43,6,NA,2906,1,5,May,Harrison,,0
10.28,135,M1,Marsh,43971,46,9,NA,2907,1,5,May,Harrison,,0
10.28,135,M1,Marsh,43972,85,15,NA,2908,1,5,May,Slim_C,,0
10.28,135,M1,Marsh,43973,41,9,NA,2909,1,5,May,Harrison,,0
10.28,135,M1,Marsh,43974,48,9,NA,2910,1,5,May,Harrison,,0
10.28,135,M1,Marsh,43975,48,10,NA,NA,1,5,May,NA,,0
10.28,135,M1,Marsh,43976,33,5,NA,NA,1,5,May,NA,,0
10.28,135,M1,Marsh,43977,40,5,NA,NA,1,5,May,NA,,0
10.28,135,M1,Marsh,43978,46,6,NA,NA,1,5,May,NA,,0
10.28,135,M1,Marsh,43979,41,5,NA,NA,1,5,May,NA,,0
10.28,135,M1,Marsh,43980,45,10,NA,NA,1,5,May,NA,,0
10.28,135,M1,Marsh,43981,42,7,NA,NA,1,5,May,NA,,0
10.28,135,M1,Marsh,43982,61,13,NA,NA,1,5,May,NA,,0
10.28,135,M1,Marsh,43983,65,10,NA,NA,1,5,May,NA,,0
10.28,135,M1,Marsh,43984,125,20,NA,NA,1,5,May,NA,,0
10.28,135,M1,Marsh,43985,48,8,NA,NA,1,5,May,NA,,0
10.28,135,M1,Marsh,43986,95,18,NA,NA,1,5,May,NA,,0
10.28,135,M1,Marsh,43987,86,15,NA,NA,1,5,May,NA,,0
10.3,136,M2,Marsh,44095,54,8,NA,2926,1,5,May,Harrison,,0
10.3,136,M2,Marsh,44097,79,14,NA,2927,1,5,May,Harrison,,0
10.48,136,M5,Marsh,44111,51,10,NA,2928,1,5,May,Harrison,,0
10.48,136,M5,Marsh,44112,39,7,NA,2929,1,5,May,Harrison,,0
10.48,136,M5,Marsh,44113,52,10,NA,2930,1,5,May,Harrison,,0
10.48,136,M5,Marsh,44120,56,10,NA,2931,1,5,May,Harrison,,0
10.48,136,M5,Marsh,44121,44,9,NA,2932,1,5,May,Harrison,,0
10.48,136,M5,Marsh,44122,44,12,NA,2933,1,5,May,Harrison,,0
10.48,136,M5,Marsh,44123,47,8,NA,2934,1,5,May,Harrison,,0
10.48,136,M5,Marsh,44150,131,20,NA,NA,1,5,May,NA,,0
10.48,136,M5,Marsh,44151,52,10,NA,NA,1,5,May,NA,,0
10.48,136,M5,Marsh,44152,56,12,NA,NA,1,5,May,NA,,0
10.48,136,M5,Marsh,44153,52,8,NA,NA,1,5,May,NA,,0
10.48,136,M5,Marsh,44154,48,6,NA,NA,1,5,May,NA,,0
10.48,136,M5,Marsh,44155,54,11,NA,NA,1,5,May,NA,,0
10.48,136,M5,Marsh,44156,56,11,NA,NA,1,5,May,NA,,0
10.48,136,M5,Marsh,44157,54,11,NA,NA,1,5,May,NA,,0
12.75,137,M3,Marsh,44276,81,12,NA,2952,1,5,May,L_Cariboo,,0
12.75,137,M3,Marsh,44278,54,11,NA,2953,1,5,May,Harrison,,0
12.75,137,M3,Marsh,44279,48,9,NA,2954,1,5,May,Harrison,,0
12.75,137,M3,Marsh,44280,52,10,NA,2955,1,5,May,W_Chilliwack,,0
12.75,137,M3,Marsh,44319,84,12,NA,2956,1,5,May,Slim_C,,0
12.75,137,M3,Marsh,44320,51,11,NA,NA,1,5,May,NA,,0
12.75,137,M3,Marsh,44321,50,9,NA,2958,1,5,May,Harrison,,0
12.75,137,M3,Marsh,44335,56,9,NA,2959,1,5,May,Harrison,,0
12.75,137,M3,Marsh,44336,38,6,NA,2960,1,5,May,Harrison,,0
12.75,137,M3,Marsh,44337,48,11,NA,2961,1,5,May,Harrison,,0
12.75,137,M3,Marsh,44338,49,11,NA,2962,1,5,May,Harrison,,0
12.75,137,M3,Marsh,44339,46,9,NA,2963,1,5,May,Harrison,,0
12.75,137,M4,Marsh,44560,56,9,NA,2963,1,5,May,Harrison,,0
12.75,137,M4,Marsh,44561,44,5,NA,2964,1,5,May,Harrison,,0
12.75,137,M4,Marsh,44563,39,7,NA,2966,1,5,May,Harrison,,0
12.75,137,M4,Marsh,44564,44,6,NA,2967,1,5,May,NA,,0
12.75,137,M4,Marsh,44565,49,10,NA,2968,1,5,May,Harrison,,0
12.75,137,M4,Marsh,44566,49,9,NA,2969,1,5,May,Harrison,,0
12.75,137,M4,Marsh,44567,39,8,NA,2970,1,5,May,Harrison,,0
12.75,137,M4,Marsh,44664,51,11,NA,2971,1,5,May,Harrison,,0
11.54,138,SF2,Sand flat,45035,54,10,NA,2984,1,5,May,Harrison,,0
11.54,138,SF2,Sand flat,45036,59,11,NA,2985,1,5,May,Harrison,,0
11.96,138,SF3,Sand flat,45099,54,10,NA,2986,1,5,May,Harrison,,0
11.96,138,SF3,Sand flat,45100,58,10,NA,2987,1,5,May,W_Chilliwack,,0
12.22,138,SF4,Sand flat,45117,77,14,NA,2989,1,5,May,Harrison,,0
11.43,138,SF5,Sand flat,45187,44,8,NA,2988,1,5,May,Harrison,,0
11.56,138,SF6,Sand flat,45192,65,8,NA,2990,1,5,May,Harrison,,0
12.51,139,E5,Eelgrass,45601,105,22,NA,NA,1,5,May,NA,,0
12.51,139,E5,Eelgrass,45602,110,23,NA,2991,1,5,May,Slim_C,,0
12.51,139,E5,Eelgrass,45603,95,22,NA,NA,1,5,May,NA,,0
12.51,139,E5,Eelgrass,45605,85,20,NA,NA,1,5,May,NA,,0
12.51,139,E5,Eelgrass,45606,100,22,NA,2993,1,5,May,Harrison,,0
12.51,139,E5,Eelgrass,45607,100,22,NA,2994,1,5,May,Slim_C,,0
12.51,139,E5,Eelgrass,45608,101,21,NA,NA,1,5,May,NA,,0
12.51,139,E5,Eelgrass,45609,90,18,NA,2995,1,5,May,W_Chilliwack,,0
12.51,139,E5,Eelgrass,45610,98,20,NA,2996,1,5,May,L_Cariboo,,0
12.51,139,E5,Eelgrass,45611,110,23,NA,NA,1,5,May,NA,,0
12.51,139,E5,Eelgrass,45612,95,21,NA,2997,1,5,May,Horsey,,0
12.51,139,E5,Eelgrass,45613,105,23,NA,2998,1,5,May,Slim_C,,0
12.51,139,E5,Eelgrass,45614,105,23,NA,NA,1,5,May,NA,,0
12.51,139,E5,Eelgrass,45615,110,21,NA,NA,1,5,May,NA,,0
12.51,139,E5,Eelgrass,45616,102,23,NA,2999,1,5,May,Horsey,,0
12.51,139,E5,Eelgrass,45617,116,25,NA,3000,1,5,May,Stuart,,0
12.51,139,E5,Eelgrass,45618,112,24,NA,NA,1,5,May,NA,,0
12.51,139,E5,Eelgrass,45619,126,25,NA,NA,1,5,May,NA,,0
11.68,139,E3,Eelgrass,46363,61,10,NA,2640,1,5,May,Harrison,,0
11.68,139,E3,Eelgrass,46364,69,12,NA,2641,1,5,May,NA,,0
12.52,139,E7,Eelgrass,46998,50,10,NA,NA,1,5,May,NA,,0
12.52,139,E7,Eelgrass,46999,55,12,NA,NA,1,5,May,NA,,0
12.52,139,E7,Eelgrass,47000,81,18,NA,NA,1,5,May,NA,,0
12.52,139,E7,Eelgrass,47001,75,15,NA,NA,1,5,May,NA,,0
12.52,139,E7,Eelgrass,47002,69,16,NA,NA,1,5,May,NA,,0
12.52,139,E7,Eelgrass,47003,77,18,NA,NA,1,5,May,NA,,0
12.52,139,E7,Eelgrass,47004,78,18,NA,NA,1,5,May,NA,,0
12.52,139,E7,Eelgrass,47005,68,18,NA,NA,1,5,May,NA,,0
12.52,139,E7,Eelgrass,47006,78,19,NA,NA,1,5,May,NA,,0
12.52,139,E7,Eelgrass,47007,85,20,NA,2652,1,5,May,W_Chilliwack,,0
12.52,139,E7,Eelgrass,47008,67,16,NA,2653,1,5,May,Harrison,,0
12.52,139,E7,Eelgrass,47009,67,17,NA,2654,1,5,May,Harrison,,0
12.52,139,E7,Eelgrass,47010,73,16,NA,2655,1,5,May,Harrison,,0
12.52,139,E7,Eelgrass,47011,85,21,NA,2656,1,5,May,Harrison,,0
12.52,139,E7,Eelgrass,47012,55,12,NA,2657,1,5,May,Harrison,,0
12.52,139,E7,Eelgrass,47013,55,11,NA,2658,1,5,May,Harrison,,0
12.52,139,E7,Eelgrass,47014,80,18,NA,2659,1,5,May,W_Chilliwack,,0
12.52,139,E7,Eelgrass,47015,90,20,NA,2660,1,5,May,Harrison,,0
12.52,139,E7,Eelgrass,47016,80,17,NA,NA,1,5,May,NA,,0
12.52,139,E7,Eelgrass,47017,75,17,NA,NA,1,5,May,NA,,0
12.52,139,E7,Eelgrass,47018,65,13,NA,NA,1,5,May,NA,,0
13.55,139,E2,Eelgrass,47264,101,19,NA,2661,1,5,May,Harrison,,0
13.55,139,E2,Eelgrass,47278,61,9,NA,2662,1,5,May,Harrison,,0
13.55,139,E2,Eelgrass,47279,58,10,NA,2663,1,5,May,W_Chilliwack,,0
14.11,139,E1,Eelgrass,47371,71,9,NA,2664,1,5,May,Harrison,,0
14.11,139,E1,Eelgrass,47446,55,7,NA,2665,1,5,May,Harrison,,0
14.11,139,E1,Eelgrass,47447,95,22,NA,2666,1,5,May,Harrison,,0
12.52,150,M1,Marsh,48055,58,10,NA,3001,1,6,May,Harrison,,0
12.17,151,M2,Marsh,48597,50,10,NA,3008,1,6,May,Little_R,,0
12.17,151,M2,Marsh,48598,49,9,NA,3009,1,6,May,Little_R,,0
12.17,151,M2,Marsh,48599,64,12,NA,3010,1,6,May,Harrison,,0
12.17,151,M2,Marsh,48600,55,11,NA,3011,1,6,May,Harrison,,0
12.17,151,M2,Marsh,48601,41,9,NA,3012,1,6,May,Little_R,,0
12.17,151,M2,Marsh,48602,50,10,NA,3013,1,6,May,W_Chilliwack,,0
12.17,151,M2,Marsh,48835,51,7,NA,3015,1,6,May,Harrison,,0
12.17,151,M2,Marsh,48836,65,13,NA,3014,1,6,May,Harrison,,0
12.17,151,M2,Marsh,48837,52,10,NA,3016,1,6,May,W_Chilliwack,,0
12.17,151,M2,Marsh,48838,44,7,NA,3017,1,6,May,Harrison,,0
12.72,151,M5,Marsh,49116,38,5,NA,3018,1,6,May,W_Chilliwack,,0
12.72,151,M5,Marsh,49123,56,10,NA,3019,1,6,May,Harrison,,0
12.72,151,M5,Marsh,49142,56,11,NA,3020,1,6,May,Harrison,,0
12.72,151,M5,Marsh,49143,57,11,NA,3021,1,6,May,Harrison,,0
13.16,153,E5,Eelgrass,49610,89,15,NA,3047,1,6,June,W_Chilliwack,,0
13.16,153,E5,Eelgrass,49611,86,16,NA,3048,1,6,June,W_Chilliwack,,0
13.16,153,E5,Eelgrass,49612,95,16,NA,3049,1,6,June,W_Chilliwack,,0
13.16,153,E5,Eelgrass,49613,93,16,NA,3050,1,6,June,Harrison,,0
13.16,153,E5,Eelgrass,49615,96,17,NA,3051,1,6,June,W_Chilliwack,,0
13.16,153,E5,Eelgrass,49616,96,17,NA,3052,1,6,June,W_Chilliwack,,0
13.16,153,E5,Eelgrass,49617,40,12,NA,3053,1,6,June,W_Chilliwack,,0
13.16,153,E5,Eelgrass,49618,91,18,NA,3054,1,6,June,W_Chilliwack,,0
13.16,153,E5,Eelgrass,49619,91,16,NA,3055,1,6,June,W_Chilliwack,,0
13.16,153,E5,Eelgrass,49620,91,16,NA,3056,1,6,June,W_Chilliwack,,0
13.16,153,E5,Eelgrass,49621,103,17,NA,NA,1,6,June,NA,,0
13.16,153,E5,Eelgrass,49622,92,14,NA,NA,1,6,June,NA,,0
13.16,153,E5,Eelgrass,49669,81,16,NA,3057,1,6,June,W_Chilliwack,,0
13.84,153,E4,Eelgrass,50006,71,11,NA,3058,1,6,June,Harrison,,0
13.84,153,E4,Eelgrass,50009,53,11,NA,3059,1,6,June,Harrison,,0
13.84,153,E4,Eelgrass,50010,91,16,NA,3060,1,6,June,W_Chilliwack,,0
13.84,153,E4,Eelgrass,50011,78,13,NA,3061,1,6,June,Harrison,,0
13.85,153,E3,Eelgrass,50259,52,11,NA,3064,1,6,June,W_Chilliwack,,0
13.85,153,E3,Eelgrass,50260,63,13,NA,3063,1,6,June,Harrison,,0
13.85,153,E3,Eelgrass,50261,69,14,NA,3062,1,6,June,W_Chilliwack,,0
13.85,153,E3,Eelgrass,50365,57,11,NA,3065,1,6,June,Harrison,,0
13.85,153,E3,Eelgrass,50394,62,12,NA,3066,1,6,June,Harrison,,0
14.46,153,E7,Eelgrass,50602,65,12,NA,3067,1,6,June,Harrison,,0
14.46,153,E7,Eelgrass,50603,62,12,NA,3068,1,6,June,Harrison,,0
14.46,153,E7,Eelgrass,50604,63,15,NA,3069,1,6,June,Harrison,,0
14.46,153,E7,Eelgrass,50605,62,11,NA,3070,1,6,June,Harrison,,0
14.46,153,E7,Eelgrass,50642,68,11,NA,3071,1,6,June,Harrison,,0
14.46,153,E7,Eelgrass,50643,73,12,NA,3072,1,6,June,Harrison,,0
14.46,153,E7,Eelgrass,50729,54,10,NA,3073,1,6,June,W_Chilliwack,,0
16.61,153,E2,Eelgrass,50933,76,15,NA,3074,1,6,June,W_Chilliwack,,0
16.61,153,E2,Eelgrass,50934,58,11,NA,3075,1,6,June,Harrison,,0
16.61,153,E2,Eelgrass,50935,91,17,NA,3076,1,6,June,W_Chilliwack,,0
16.61,153,E2,Eelgrass,50936,66,12,NA,3077,1,6,June,Harrison,,0
16.61,153,E2,Eelgrass,51169,68,12,NA,3078,1,6,June,Harrison,,0
16.61,153,E2,Eelgrass,51170,81,18,NA,3079,1,6,June,W_Chilliwack,,0
16.61,153,E2,Eelgrass,51171,98,17,NA,3080,1,6,June,W_Chilliwack,,0
16.61,153,E2,Eelgrass,51408,96,18,NA,3081,1,6,June,W_Chilliwack,,0
16.61,153,E2,Eelgrass,51409,91,16,NA,3082,1,6,June,W_Chilliwack,,0
15.26,153,E1,Eelgrass,51531,48,9,NA,3083,1,6,June,Harrison,,0
15.26,153,E1,Eelgrass,51576,58,11,NA,3084,1,6,June,W_Chilliwack,,0
15.26,153,E1,Eelgrass,51577,60,10,NA,3085,1,6,June,W_Chilliwack,,0
15.26,153,E1,Eelgrass,51578,61,11,NA,3086,1,6,June,Harrison,,0
15.26,153,E1,Eelgrass,51579,89,17,NA,3087,1,6,June,W_Chilliwack,,0
15.26,153,E1,Eelgrass,51580,86,16,NA,3088,1,6,June,W_Chilliwack,,0
15.26,153,E1,Eelgrass,51667,59,12,NA,3089,1,6,June,Harrison,,0
16.38,154,SF1,Sand flat,51681,64,12,NA,3090,1,6,June,Harrison,,0
16.38,154,SF1,Sand flat,51698,58,10,NA,3092,1,6,June,W_Chilliwack,,0
16.38,154,SF1,Sand flat,51699,57,11,NA,3093,1,6,June,Harrison,,0
16.38,154,SF1,Sand flat,51716,63,10,NA,3094,1,6,June,W_Chilliwack,,0
15.75,154,SF2,Sand flat,51745,61,11,NA,3095,1,6,June,Harrison,,0
15.75,154,SF2,Sand flat,51822,58,11,NA,3096,1,6,June,Harrison,,0
14.37,154,SF3,Sand flat,51881,74,12,NA,3097,1,6,June,Harrison,,0
14.45,154,SF4,Sand flat,51982,56,11,NA,3099,1,6,June,Harrison,,0
14.45,154,SF4,Sand flat,51983,69,12,NA,3100,1,6,June,W_Chilliwack,,0
13.15,154,SF5,Sand flat,52045,62,10,NA,2668,1,6,June,W_Chilliwack,,0
13.15,154,SF5,Sand flat,52046,63,10,NA,2669,1,6,June,Harrison,,0
13.15,154,SF5,Sand flat,52047,64,11,NA,2670,1,6,June,Harrison,,0
13.15,154,SF5,Sand flat,52058,62,12,NA,2671,1,6,June,W_Chilliwack,,0
13.15,154,SF5,Sand flat,52059,59,11,NA,2672,1,6,June,Harrison,,0
13.76,154,SF6,Sand flat,52085,58,9,NA,2673,1,6,June,Harrison,,0
13.76,154,SF6,Sand flat,52102,98,18,NA,2674,1,6,June,W_Chilliwack,,0
13.76,154,SF6,Sand flat,52117,58,10,NA,2675,1,6,June,Harrison,,0
12.12,167,M2,Marsh,52212,66,12,NA,3101,1,7,June,Harrison,,0
12.12,167,M2,Marsh,52213,65,12,NA,3102,1,7,June,W_Chilliwack,,0
12.12,167,M2,Marsh,52214,53,10,NA,3103,1,7,June,W_Chilliwack,,0
12.2,167,M1,Marsh,52311,56,10,NA,3104,1,7,June,L_Thompson,,0
13.69,167,M5,Marsh,52377,47,10,NA,3105,1,7,June,W_Chilliwack,,0
13.69,167,M5,Marsh,52378,70,15,NA,3106,1,7,June,W_Chilliwack,,0
13.69,167,M5,Marsh,52379,72,16,NA,3107,1,7,June,Harrison,,0
13.69,167,M5,Marsh,52389,73,16,NA,3108,1,7,June,Harrison,,0
12.9,169,M3,Marsh,52848,64,8,NA,3120,1,7,June,L_Thompson,,0
13.67,170,SF4,Sand flat,53019,54,11,NA,3121,1,7,June,Harrison,,0
13.94,170,SF3,Sand flat,53197,86,15,NA,3122,1,7,June,L_Thompson,Y,0
14.43,170,SF2,Sand flat,53198,94,14,NA,3123,1,7,June,Harrison,,0
14.69,170,SF1,Sand flat,53217,102,19,NA,3124,1,7,June,W_Chilliwack,,0
14.4,170,E2,Eelgrass,53566,54,9,NA,3125,1,7,June,W_Chilliwack,,0
14.4,170,E2,Eelgrass,53567,94,16,NA,3126,1,7,June,Harrison,,0
14.4,170,E2,Eelgrass,53577,84,13,NA,3127,1,7,June,Harrison,,0
14.24,171,E5,Eelgrass,53744,94,16,NA,3157,1,7,June,NA,,0
14.08,171,E3,Eelgrass,54020,64,13,NA,3159,1,7,June,L_Thompson,,0
14.08,171,E3,Eelgrass,54021,84,16,NA,3158,1,7,June,NA,,0
14.08,171,E3,Eelgrass,54126,93,17,NA,3160,1,7,June,W_Chilliwack,Y,0
14.08,171,E3,Eelgrass,54127,108,20,NA,3161,1,7,June,W_Chilliwack,,0
15.06,171,E7,Eelgrass,54235,94,17,NA,3162,1,7,June,Harrison,,0
15.06,171,E7,Eelgrass,54383,95,17,NA,3163,1,7,June,W_Chilliwack,,0
15.06,171,E7,Eelgrass,54384,98,18,NA,3164,1,7,June,Harrison,,0
15.06,171,E7,Eelgrass,54385,82,16,NA,3165,1,7,June,Harrison,,0
15.06,171,E7,Eelgrass,54386,72,12,NA,3166,1,7,June,W_Chilliwack,,0
15.06,171,E7,Eelgrass,54387,81,15,NA,3167,1,7,June,Harrison,,0
15.06,171,E7,Eelgrass,54388,78,13,NA,3168,1,7,June,Harrison,,0
15.06,171,E7,Eelgrass,54389,107,18,NA,3169,1,7,June,Harrison,,0
15.06,171,E7,Eelgrass,54390,88,16,NA,3170,1,7,June,Harrison,,0
16.95,192,M2,Marsh,54424,67,12,NA,3171,1,8,July,L_Thompson,,0
16.95,192,M2,Marsh,54485,66,12,NA,3172,1,8,July,South_Thom,,0
16.95,192,M2,Marsh,54486,55,10,NA,3173,1,8,July,W_Chilliwack,,0
16.95,192,M2,Marsh,54487,60,11,NA,3174,1,8,July,South_Thom,,0
16.95,192,M2,Marsh,54488,55,10,NA,3175,1,8,July,W_Chilliwack,,0
16.95,192,M2,Marsh,54489,61,11,NA,3176,1,8,July,South_Thom,,0
16.95,192,M2,Marsh,54490,67,12,NA,3177,1,8,July,Little_R,,0
16.95,192,M2,Marsh,54623,62,10,NA,3178,1,8,July,South_Thom,,0
16.95,192,M2,Marsh,54624,63,10,NA,NA,1,8,July,NA,,0
16.95,192,M2,Marsh,54625,55,9,NA,NA,1,8,July,NA,,0
16.95,192,M2,Marsh,54626,60,10,NA,3179,1,8,July,Little_R,,0
16.95,192,M2,Marsh,54627,59,10,NA,3180,1,8,July,W_Chilliwack,,0
16.95,192,M2,Marsh,54628,68,11,NA,3181,1,8,July,L_Thompson,,0
16.95,192,M2,Marsh,54629,57,9,NA,3182,1,8,July,Little_R,,0
16.95,192,M2,Marsh,54630,60,11,NA,NA,1,8,July,NA,,0
16.95,192,M2,Marsh,54631,80,14,NA,3183,1,8,July,W_Chilliwack,,0
16.95,192,M2,Marsh,54632,56,9,NA,NA,1,8,July,NA,,0
16.95,192,M2,Marsh,54633,60,10,NA,3184,1,8,July,South_Thom,,0
16.95,192,M2,Marsh,54634,60,10,NA,3185,1,8,July,L_Thompson,,0
16.81,193,M1,Marsh,54839,61,11,NA,3189,1,8,July,South_Thom,,0
16.81,193,M1,Marsh,54840,66,11,NA,3190,1,8,July,South_Thom,,0
17.54,193,M5,Marsh,54861,60,9,NA,3191,1,8,July,Little_R,,0
17.54,193,M5,Marsh,54862,51,8,NA,3192,1,8,July,W_Chilliwack,,0
17.54,193,M5,Marsh,54863,63,10,NA,3193,1,8,July,Little_R,,0
17.54,193,M5,Marsh,54864,73,12,NA,3194,1,8,July,South_Thom,,0
17.54,193,M5,Marsh,54865,60,9,NA,3195,1,8,July,L_Thompson,,0
17.54,193,M5,Marsh,54866,68,10,NA,3196,1,8,July,South_Thom,,0
17.54,193,M5,Marsh,54867,60,9,NA,3197,1,8,July,L_Thompson,,0
17.54,193,M5,Marsh,54970,62,10,NA,3198,1,8,July,L_Thompson,,0
17.54,193,M5,Marsh,54971,70,11,NA,3199,1,8,July,Little_R,,0
17.54,193,M5,Marsh,54972,65,10,NA,3200,1,8,July,Little_R,,0
17.55,194,M3,Marsh,55332,60,10,NA,2696,1,8,July,South_Thom,,0
17.83,194,M4,Marsh,55371,63,11,NA,2697,1,8,July,L_Thompson,,0
17.83,194,M4,Marsh,55372,65,10,NA,2698,1,8,July,W_Chilliwack,,0
17.83,194,M4,Marsh,55373,56,9,NA,2699,1,8,July,W_Chilliwack,,0
17.83,194,M4,Marsh,55374,72,13,NA,2700,1,8,July,W_Chilliwack,,0
17.83,194,M4,Marsh,55429,66,11,NA,3201,1,8,July,Little_R,,0
17.83,194,M4,Marsh,55430,65,9,NA,3202,1,8,July,Little_R,,0
17.83,194,M4,Marsh,55431,55,10,NA,3203,1,8,July,W_Chilliwack,,0
17.83,194,M4,Marsh,55432,68,13,NA,3204,1,8,July,South_Thom,,0
17.31,195,SF5,Sand flat,55629,66,12,NA,3227,1,8,July,Harrison,,0
17.31,195,SF5,Sand flat,55632,63,12,NA,3229,1,8,July,Little_R,,0
17.31,195,SF5,Sand flat,55634,128,18,NA,3231,1,8,July,W_Chilliwack,,0
19.16,195,SF1,Sand flat,55776,73,13,NA,3233,1,8,July,Little_R,,0
18.54,195,SF2,Sand flat,55812,124,15,NA,3234,1,8,July,Harrison,,0
18.54,195,SF2,Sand flat,55826,68,13,NA,3236,1,8,July,Harrison,,0
18.96,195,SF3,Sand flat,55890,96,16,NA,3237,1,8,July,W_Chilliwack,,0
19.17,195,SF4,Sand flat,55986,73,15,NA,3238,1,8,July,W_Chilliwack,,0
17.08,196,E3,Eelgrass,57354,84,16,NA,3239,1,8,July,L_Thompson,,0
17.14,196,E7,Eelgrass,58437,77,16,NA,3240,1,8,July,W_Chilliwack,,0